run_id,status,family,model,model_init,arch_mod,n_params_m,logit_scale,dataset,n_docs,chunk_length,optimizer,lr,lr_scheduler,warmup,eps_root,adam_eps,beta1,beta2,weight_decay,max_grad_norm,batch_size,grad_accum_steps,num_epochs,steps,dropout,train_mode,shuffle,seed,precision,ckpt_avg_k,attr_window_frac,n_subsets,subset_fraction,n_queries,metasmoothness,ms_shuffle,ms_direction_seed,ms_fd_step,magic_lds,magic_ci_lo,magic_ci_hi,magic_n_queries,ekfac_lds,ekfac_ci_lo,ekfac_ci_hi,ekfac_n_subsets,train_loss,delta_l1,delta_l2,run_dir,bank_dir,code_commit,reusable,source_doc,notes
sm_adam_eps1e10_4k,done,gpt2_ft,gpt2,pretrained,none,124,1.0,smollm2,4000,0,adamw,0.0008,polynomial,0.25,1e-10,1e-08,0.95,0.975,0.01,,64,1,2,125,0.1,False,rep,42,fp32,1,0.0,50,0.01,,0.781,rep,0,0.1,-0.02,-0.065,0.023,20,0.2097,0.182,0.239,50,2.71,0.0293,0.0295,/mnt/ssd-2/lucia/muon4k/magicroll_eps1e10_4k,,,bank+scores,LDS_RESULTS.md,MAGIC CI spans zero.
sm_adam_eps1e6_4k,done,gpt2_ft,gpt2,pretrained,none,124,1.0,smollm2,4000,0,adamw,0.0008,polynomial,0.25,1e-06,1e-08,0.95,0.975,0.01,,64,1,2,125,0.1,False,rep,42,fp32,1,0.0,50,0.01,,0.991,rep,0,0.1,0.86,0.844,0.877,20,0.3173,0.285,0.348,50,3.18,0.0016,0.0021,,EleutherAI/bergson-smollm2-lds-4k,,bank+scores,LDS_RESULTS.md,HF-hosted bank. Re-score with 1ba43f92 gives EK-FAC 0.3156.
sm_adam_eps1e6_8k,done,gpt2_ft,gpt2,pretrained,none,124,1.0,smollm2,8000,0,adamw,0.0008,polynomial,0.25,1e-06,1e-08,0.95,0.975,0.01,,64,1,2,250,0.1,False,rep,42,fp32,1,0.0,50,0.01,,0.978,rep,0,0.1,0.98,0.98,0.987,20,0.3019,0.267,0.338,50,3.18,0.0024,0.0028,,runs/ekfac_vs_n/N8k,,bank+scores,LDS_RESULTS.md,
sm_adam_eps1e8_4k,done,gpt2_ft,gpt2,pretrained,none,124,1.0,smollm2,4000,0,adamw,0.0008,polynomial,0.25,1e-08,1e-08,0.95,0.975,0.01,,64,1,2,125,0.1,False,rep,42,fp32,1,0.0,50,0.01,,0.876,rep,0,0.1,0.17,,,20,0.3033,0.274,0.334,50,3.02,0.0079,0.0091,/mnt/ssd-2/lucia/muon4k/magicroll_eps1e8_4k,,,bank+scores,LDS_RESULTS.md,MAGIC on the FIXED metagrad code (c0f11ba8); pre-fix value was 0.37.
sm_adam_eps1e8_4k_bs128,done,gpt2_ft,gpt2,pretrained,none,124,1.0,smollm2,4000,0,adamw,0.0008,polynomial,0.25,1e-08,1e-08,0.95,0.975,0.01,,128,1,4,125,0.1,False,rep,42,fp32,1,0.0,50,0.01,,0.9822,per_epoch,0,0.1,0.43,,,20,0.3369,,,50,2.98,0.0074,0.0087,/mnt/ssd-2/lucia/muon4k/magicroll_bs128,,,bank+scores,LDS_RESULTS.md,
sm_adam_eps1e8_4k_bs32,done,gpt2_ft,gpt2,pretrained,none,124,1.0,smollm2,4000,0,adamw,0.0008,polynomial,0.25,1e-08,1e-08,0.95,0.975,0.01,,32,1,1,125,0.1,False,rep,42,fp32,1,0.0,50,0.01,,0.837,,0,0.1,0.05,-0.054,0.145,20,0.1781,,,50,3.07,0.0087,0.01,/mnt/ssd-2/lucia/muon4k/magicroll_bs32,,,bank+scores,LDS_RESULTS.md,epochs=1 so shuffle-agnostic. MAGIC CI spans zero.
sm_adam_eps1e8_4k_drop0,done,gpt2_ft,gpt2,pretrained,none,124,1.0,smollm2,4000,0,adamw,0.0008,polynomial,0.25,1e-08,1e-08,0.95,0.975,0.01,,64,1,2,125,0.0,False,rep,42,fp32,1,0.0,50,0.01,,0.8755,per_epoch,0,0.1,0.18,,,20,0.3203,,,50,3.01,0.008,0.009,/mnt/ssd-2/lucia/muon4k/magicroll_eps1e8_drop0,,,bank+scores,LDS_RESULTS.md,MAGIC leg VOID as a dropout test: scores bit-identical to sm_adam_eps1e8_4k because train_mode=false made dropout inert in BOTH arms.
sm_muon_eps1e6_5e5_4k,done,gpt2_ft,gpt2,pretrained,none,124,1.0,smollm2,4000,0,muon,5e-05,polynomial,0.25,1e-06,1e-08,0.95,0.975,0.01,,64,1,4,250,0.1,False,rep,42,fp32,1,0.0,50,0.01,,0.997,rep,0,0.1,0.76,,,20,0.4738,0.432,0.513,50,3.08,0.0057,0.0061,,/mnt/ssd-2/lucia/muon4k/run/N4k,,bank+scores,LDS_RESULTS.md,
wt_adam_eps1e6_bs64_lotus,done,gpt2_ft,gpt2,pretrained,none,124,1.0,wikitext,4358,0,adamw,0.0008,polynomial,0.25,1e-06,1e-08,0.95,0.975,0.01,,64,1,4,272,0.1,False,rep,42,fp32,1,0.0,400,0.01,50,0.998,rep,0,0.1,0.9681,,,50,0.2588,,,400,3.06,0.0033,0.004,runs/lotus_final_q01_50,,,bank+scores,LDS_RESULTS.md,EK-FAC variant=docspace. chunk_length is not a factor (512 vs 0 reproduces 0.9681).
olmo2_muon_16k_full,done,olmo2_scratch,olmo2_reinit,scratch,none,124,1.0,smollm2,16000,0,muon,0.009,polynomial,0.25,1e-06,1e-08,0.95,0.975,0.1,,128,1,6,750,0.0,False,rep,42,fp32,1,0.0,50,0.01,28,0.01,rep,0,0.1,,,,,0.0175,-0.036,0.071,50,2.92,4.56,4.1,/mnt/ssd-2/lucia/scratch_olmo,,,bank,LDS_RESULTS.md,Extreme low-ms endpoint. Per-epoch ms is -0.000 (dead endpoint either way).
sm_adam_eps0_16k,partial,gpt2_ft,gpt2,pretrained,none,124,1.0,smollm2,16000,0,adamw,0.0008,polynomial,0.25,0,1e-08,0.95,0.975,0.01,,64,1,2,500,0.1,False,rep,42,fp32,1,0.0,50,0.01,,0.437,rep,0,0.1,,,,,0.1097,0.084,0.136,50,2.65,0.0855,0.0872,,,,bank,LDS_RESULTS.md,Lowest-metasmoothness GPT-2 ft cell. MAGIC not run.
sm_adam_eps0_16k_perepoch,partial,gpt2_ft,gpt2,pretrained,none,124,1.0,smollm2,16000,0,adamw,0.0008,polynomial,0.25,0,1e-08,0.95,0.975,0.01,,64,1,2,500,0.1,False,per_epoch,42,fp32,1,0.0,50,0.01,,0.4269,per_epoch,0,0.1,,,,,0.1186,0.074,0.164,50,,0.0938,0.0964,/mnt/ssd-1/lucia/perepoch,,,bank,LDS_RESULTS.md,Per-epoch-shuffle replication. Both ms and EK-FAC LDS are invariant to the shuffle change (rep point inside all 11 CIs). MAGIC not re-run.
sm_adam_eps0_4k,partial,gpt2_ft,gpt2,pretrained,none,124,1.0,smollm2,4000,0,adamw,0.0008,polynomial,0.25,0,1e-08,0.95,0.975,0.01,,64,1,2,125,0.1,False,rep,42,fp32,1,0.0,50,0.01,,0.766,rep,0,0.1,,,,,0.174,0.14,0.208,50,2.61,0.0509,0.0528,,/mnt/ssd-2/lucia-adam-shampoo/epsroot0_4k_bank,b3790ba9,bank,LDS_RESULTS.md,MAGIC not run at eps_root=0 on this config; read-only volume.
sm_adam_eps0_4k_ep4,partial,gpt2_ft,gpt2,pretrained,none,124,1.0,smollm2,4000,0,adamw,0.0008,polynomial,0.25,0,1e-08,0.95,0.975,0.01,,64,1,4,250,0.1,False,rep,42,fp32,1,0.0,50,0.01,,0.6836,per_epoch,0,0.1,,,,,,,,,2.61,0.0509,0.0528,,,,ms_only,LDS_RESULTS.md,"Data fixed, steps 125->250: ms 0.766 -> 0.684."
sm_adam_eps0_4k_perepoch,partial,gpt2_ft,gpt2,pretrained,none,124,1.0,smollm2,4000,0,adamw,0.0008,polynomial,0.25,0,1e-08,0.95,0.975,0.01,,64,1,2,125,0.1,False,per_epoch,42,fp32,1,0.0,50,0.01,,0.7724,per_epoch,0,0.1,,,,,0.154,0.106,0.202,50,,0.0565,0.0587,/mnt/ssd-1/lucia/perepoch,,,bank,LDS_RESULTS.md,Per-epoch-shuffle replication. Both ms and EK-FAC LDS are invariant to the shuffle change (rep point inside all 11 CIs). MAGIC not re-run.
sm_adam_eps0_8k,partial,gpt2_ft,gpt2,pretrained,none,124,1.0,smollm2,8000,0,adamw,0.0008,polynomial,0.25,0,1e-08,0.95,0.975,0.01,,64,1,2,250,0.1,False,rep,42,fp32,1,0.0,50,0.01,,0.615,rep,0,0.1,,,,,0.141,0.113,0.169,50,2.61,0.0646,0.0668,,,,bank,LDS_RESULTS.md,MAGIC not run.
sm_adam_eps0_8k_perepoch,partial,gpt2_ft,gpt2,pretrained,none,124,1.0,smollm2,8000,0,adamw,0.0008,polynomial,0.25,0,1e-08,0.95,0.975,0.01,,64,1,2,250,0.1,False,per_epoch,42,fp32,1,0.0,50,0.01,,0.6226,per_epoch,0,0.1,,,,,0.1555,0.121,0.19,50,,0.0714,0.0742,/mnt/ssd-1/lucia/perepoch,,,bank,LDS_RESULTS.md,Per-epoch-shuffle replication. Both ms and EK-FAC LDS are invariant to the shuffle change (rep point inside all 11 CIs). MAGIC not re-run.
sm_adam_eps1e10_4k_perepoch,partial,gpt2_ft,gpt2,pretrained,none,124,1.0,smollm2,4000,0,adamw,0.0008,polynomial,0.25,1e-10,1e-08,0.95,0.975,0.01,,64,1,2,125,0.1,False,per_epoch,42,fp32,1,0.0,50,0.01,,0.7883,per_epoch,0,0.1,,,,,0.202,0.164,0.24,50,,0.0272,0.0283,/mnt/ssd-1/lucia/perepoch,,,bank,LDS_RESULTS.md,Per-epoch-shuffle replication. Both ms and EK-FAC LDS are invariant to the shuffle change (rep point inside all 11 CIs). MAGIC not re-run.
sm_adam_eps1e6_16k,partial,gpt2_ft,gpt2,pretrained,none,124,1.0,smollm2,16000,0,adamw,0.0008,polynomial,0.25,1e-06,1e-08,0.95,0.975,0.01,,64,1,2,500,0.1,False,rep,42,fp32,1,0.0,50,0.01,,0.9954,per_epoch,0,0.1,,,,,0.3815,0.352,0.412,50,3.17,0.0039,0.0042,,runs/ekfac_vs_n/N16k,,bank,LDS_RESULTS.md,MAGIC not run.
sm_adam_eps1e6_32k,partial,gpt2_ft,gpt2,pretrained,none,124,1.0,smollm2,32000,0,adamw,0.0008,polynomial,0.25,1e-06,1e-08,0.95,0.975,0.01,,64,1,2,1000,0.1,False,rep,42,fp32,1,0.0,50,0.01,,0.9979,per_epoch,0,0.1,,,,,0.3575,0.325,0.394,50,3.19,0.0069,0.0072,,runs/ekfac_vs_n/N32k,,bank,LDS_RESULTS.md,MAGIC not run.
sm_adam_eps1e6_4k_ep4,partial,gpt2_ft,gpt2,pretrained,none,124,1.0,smollm2,4000,0,adamw,0.0008,polynomial,0.25,1e-06,1e-08,0.95,0.975,0.01,,64,1,4,250,0.1,False,rep,42,fp32,1,0.0,50,0.01,,0.9989,per_epoch,0,0.1,,,,,,,,,3.18,0.0016,0.0021,,,,ms_only,LDS_RESULTS.md,
sm_adam_eps1e6_4k_perepoch,partial,gpt2_ft,gpt2,pretrained,none,124,1.0,smollm2,4000,0,adamw,0.0008,polynomial,0.25,1e-06,1e-08,0.95,0.975,0.01,,64,1,2,125,0.1,False,per_epoch,42,fp32,1,0.0,50,0.01,,0.9952,per_epoch,0,0.1,,,,,0.3076,0.268,0.346,50,,0.0015,0.0021,/mnt/ssd-1/lucia/perepoch,,,bank,LDS_RESULTS.md,Per-epoch-shuffle replication. Both ms and EK-FAC LDS are invariant to the shuffle change (rep point inside all 11 CIs). MAGIC not re-run.
sm_adam_eps1e6_8k_perepoch,partial,gpt2_ft,gpt2,pretrained,none,124,1.0,smollm2,8000,0,adamw,0.0008,polynomial,0.25,1e-06,1e-08,0.95,0.975,0.01,,64,1,2,250,0.1,False,per_epoch,42,fp32,1,0.0,50,0.01,,0.9786,per_epoch,0,0.1,,,,,0.295,0.253,0.338,50,,0.0024,0.0028,/mnt/ssd-1/lucia/perepoch,,,bank,LDS_RESULTS.md,Per-epoch-shuffle replication. Both ms and EK-FAC LDS are invariant to the shuffle change (rep point inside all 11 CIs). MAGIC not re-run.
sm_adam_eps1e7_4k,partial,gpt2_ft,gpt2,pretrained,none,124,1.0,smollm2,4000,0,adamw,0.0008,polynomial,0.25,1e-07,1e-08,0.95,0.975,0.01,,64,1,2,125,0.1,False,rep,42,fp32,1,0.0,50,0.01,,0.978,rep,0,0.1,,,,,,,,,,,,,,,ms_only,LDS_RESULTS.md,ms only.
sm_adam_eps1e8_4k_bs128_perepoch,partial,gpt2_ft,gpt2,pretrained,none,124,1.0,smollm2,4000,0,adamw,0.0008,polynomial,0.25,1e-08,1e-08,0.95,0.975,0.01,,128,1,4,125,0.1,False,per_epoch,42,fp32,1,0.0,50,0.01,,0.9822,per_epoch,0,0.1,,,,,0.3576,0.317,0.397,50,,0.0065,0.008,/mnt/ssd-1/lucia/perepoch,,,bank,LDS_RESULTS.md,Per-epoch-shuffle replication. Both ms and EK-FAC LDS are invariant to the shuffle change (rep point inside all 11 CIs). MAGIC not re-run.
sm_adam_eps1e8_4k_bs16,partial,gpt2_ft,gpt2,pretrained,none,124,1.0,smollm2,4000,0,adamw,0.0008,polynomial,0.25,1e-08,1e-08,0.95,0.975,0.01,,16,1,2,500,0.1,False,rep,42,fp32,1,0.0,50,0.01,,0.5,,0,0.1,,,,,,,,,,,,,,,ms_only,LDS_RESULTS.md,bs16 collapses adam metasmoothness (0.876 at bs64 -> 0.500); muon barely moves.
sm_adam_eps1e8_4k_bs256,partial,gpt2_ft,gpt2,pretrained,none,124,1.0,smollm2,4000,0,adamw,0.0008,polynomial,0.25,1e-08,1e-08,0.95,0.975,0.01,,256,1,8,125,0.1,False,rep,42,fp32,1,0.0,50,0.01,,0.9984,per_epoch,0,0.1,,,,,,,,,,,,,,,ms_only,LDS_RESULTS.md,LDS infeasible without grad_accum: fp32 lm_head logits for 256x512 tokens ~26 GB OOMs the 47.5 GiB A40s. grad_accum_steps now exists -> LDS is unblocked.
sm_adam_eps1e8_4k_clip1.0,partial,gpt2_ft,gpt2,pretrained,none,124,1.0,smollm2,4000,0,adamw,0.0008,polynomial,0.25,1e-08,1e-08,0.95,0.975,0.01,1.0,64,1,2,125,0.1,False,rep,42,fp32,1,0.0,50,0.01,,0.876,,0,0.1,,,,,0.307,,,50,3.03,0.006,0.007,,,,bank,LDS_RESULTS.md,No-op at these settings: grad norms rarely exceed 1.0.
sm_adam_eps1e8_4k_perepoch,partial,gpt2_ft,gpt2,pretrained,none,124,1.0,smollm2,4000,0,adamw,0.0008,polynomial,0.25,1e-08,1e-08,0.95,0.975,0.01,,64,1,2,125,0.1,False,per_epoch,42,fp32,1,0.0,50,0.01,,0.8755,per_epoch,0,0.1,,,,,0.3095,0.269,0.351,50,,0.0068,0.0084,/mnt/ssd-1/lucia/perepoch,,,bank,LDS_RESULTS.md,Per-epoch-shuffle replication. Both ms and EK-FAC LDS are invariant to the shuffle change (rep point inside all 11 CIs). MAGIC not re-run.
sm_adam_eps1e8_4k_scale0.25,partial,gpt2_ft,gpt2,pretrained,none,124,0.25,smollm2,4000,0,adamw,0.0008,polynomial,0.25,1e-08,1e-08,0.95,0.975,0.01,,64,1,2,125,0.1,False,rep,42,fp32,1,0.0,50,0.01,,0.609,,0,0.1,,,,,0.169,,,50,3.36,0.016,0.019,,,,bank,LDS_RESULTS.md,
sm_adam_eps1e8_4k_scale0.5,partial,gpt2_ft,gpt2,pretrained,none,124,0.5,smollm2,4000,0,adamw,0.0008,polynomial,0.25,1e-08,1e-08,0.95,0.975,0.01,,64,1,2,125,0.1,False,rep,42,fp32,1,0.0,50,0.01,,0.84,,0,0.1,,,,,0.22,,,50,3.1,0.013,0.016,,,,bank,LDS_RESULTS.md,NOT a clean ms isolate: lowers ms and LDS but RAISES delta_l2.
sm_adam_eps1e8_4k_wd0.0,partial,gpt2_ft,gpt2,pretrained,none,124,1.0,smollm2,4000,0,adamw,0.0008,polynomial,0.25,1e-08,1e-08,0.95,0.975,0.0,,64,1,2,125,0.1,False,rep,42,fp32,1,0.0,50,0.01,,0.867,,0,0.1,,,,,,,,,,,,,,,ms_only,LDS_RESULTS.md,Weight decay is a null on ms over 0-0.3 (baseline 0.876).
sm_adam_eps1e8_4k_wd0.1,partial,gpt2_ft,gpt2,pretrained,none,124,1.0,smollm2,4000,0,adamw,0.0008,polynomial,0.25,1e-08,1e-08,0.95,0.975,0.1,,64,1,2,125,0.1,False,rep,42,fp32,1,0.0,50,0.01,,0.877,,0,0.1,,,,,,,,,,,,,,,ms_only,LDS_RESULTS.md,Weight decay is a null on ms over 0-0.3 (baseline 0.876).
sm_adam_eps1e8_4k_wd0.3,partial,gpt2_ft,gpt2,pretrained,none,124,1.0,smollm2,4000,0,adamw,0.0008,polynomial,0.25,1e-08,1e-08,0.95,0.975,0.3,,64,1,2,125,0.1,False,rep,42,fp32,1,0.0,50,0.01,,0.862,,0,0.1,,,,,,,,,,,,,,,ms_only,LDS_RESULTS.md,Weight decay is a null on ms over 0-0.3 (baseline 0.876).
sm_adam_eps1e9_4k,partial,gpt2_ft,gpt2,pretrained,none,124,1.0,smollm2,4000,0,adamw,0.0008,polynomial,0.25,1e-09,1e-08,0.95,0.975,0.01,,64,1,2,125,0.1,False,rep,42,fp32,1,0.0,50,0.01,,0.907,rep,0,0.1,,,,,,,,,,,,,,,ms_only,LDS_RESULTS.md,"ms only; non-monotone vs 1e-8 (0.876) — single direction_seed, h=0.1 noise."
sm_adamw_eps1e17_16k_bs256,partial,gpt2_ft,gpt2,pretrained,none,124,1.0,smollm2,16000,0,adamw,0.0002,polynomial,0.25,1e-17,1e-08,0.95,0.975,0.01,,256,16,2,125,0.1,False,per_epoch,42,fp32,1,0.0,100,0.01,20,,,0,0.1,0.9333,0.9186,0.9448,20,,,,,,,,/mnt/ssd-2/lucia/s16k_adamw,/mnt/ssd-2/lucia/s16k_adamw/merged,docs-4,bank,examples/scaling_magic/LDS_RESULTS.md,"Paired diff adamw-muon = +0.0863 [+0.0670, +0.1052], 19/20 per-query wins; identical subset lists both optimizers. metasmoothness and EK-FAC NOT measured. Base-training checkpoints DELETED; 100 retrained models kept, so EK-FAC can be scored against this bank without retraining. adamw scores rebuilt from per-query .pt files (padded-query bug on docs-4)."
sm_muon_eps0_1e4_4k,partial,gpt2_ft,gpt2,pretrained,none,124,1.0,smollm2,4000,0,muon,0.0001,polynomial,0.25,0,1e-08,0.95,0.975,0.01,,64,1,4,250,0.1,False,rep,42,fp32,1,0.0,50,0.01,,0.9931,per_epoch,0,0.1,,,,,0.4544,0.419,0.489,50,2.94,0.011,0.0118,,/mnt/ssd-2/lucia/muon4k/run_eps0_1e-4/N4k,,bank,LDS_RESULTS.md,
sm_muon_eps0_5e5_16k,partial,gpt2_ft,gpt2,pretrained,none,124,1.0,smollm2,16000,0,muon,5e-05,polynomial,0.25,0,1e-08,0.95,0.975,0.01,,64,1,4,1000,0.1,False,rep,42,fp32,1,0.0,50,0.01,,0.9951,per_epoch,0,0.1,,,,,,,,,,,,/mnt/ssd-2/lucia/muon_ms_steps/eps0,,,ms_only,LDS_RESULTS.md,ms only; no leave-k-out bank.
sm_muon_eps0_5e5_4k,partial,gpt2_ft,gpt2,pretrained,none,124,1.0,smollm2,4000,0,muon,5e-05,polynomial,0.25,0,1e-08,0.95,0.975,0.01,,64,1,4,250,0.1,False,rep,42,fp32,1,0.0,50,0.01,,0.996,rep,0,0.1,,,,,0.4683,0.427,0.508,50,3.08,0.0057,0.0061,,/mnt/ssd-2/lucia/muon4k/run_eps0_5e-5/N4k,,bank,LDS_RESULTS.md,MAGIC at eps0 is 98.4% finite on a 1-query spotcheck; no LDS.
sm_muon_eps0_5e5_4k_bs16,partial,gpt2_ft,gpt2,pretrained,none,124,1.0,smollm2,4000,0,muon,5e-05,polynomial,0.25,0,1e-08,0.95,0.975,0.01,,16,1,4,1000,0.1,False,rep,42,fp32,1,0.0,50,0.01,,0.9932,per_epoch,0,0.1,,,,,,,,,,,,,,,ms_only,LDS_RESULTS.md,Batch size does not un-saturate muon (0.996 -> 0.9932); adam collapses to 0.500.
sm_muon_eps0_5e5_4k_perepoch,partial,gpt2_ft,gpt2,pretrained,none,124,1.0,smollm2,4000,0,muon,5e-05,polynomial,0.25,0,1e-08,0.95,0.975,0.01,,64,1,4,250,0.1,False,per_epoch,42,fp32,1,0.0,50,0.01,,0.996,per_epoch,0,0.1,,,,,0.4648,0.422,0.504,50,,0.0053,0.0061,/mnt/ssd-1/lucia/perepoch,,,bank,LDS_RESULTS.md,Per-epoch-shuffle replication. Both ms and EK-FAC LDS are invariant to the shuffle change (rep point inside all 11 CIs). MAGIC not re-run.
sm_muon_eps0_5e5_8k,partial,gpt2_ft,gpt2,pretrained,none,124,1.0,smollm2,8000,0,muon,5e-05,polynomial,0.25,0,1e-08,0.95,0.975,0.01,,64,1,4,500,0.1,False,rep,42,fp32,1,0.0,50,0.01,,0.9956,per_epoch,0,0.1,,,,,,,,,,,,/mnt/ssd-2/lucia/muon_ms_steps/eps0,,,ms_only,LDS_RESULTS.md,ms only; no leave-k-out bank.
sm_muon_eps1e17_16k_bs256,partial,gpt2_ft,gpt2,pretrained,none,124,1.0,smollm2,16000,0,muon,0.0002,polynomial,0.25,1e-17,1e-08,0.95,0.975,0.01,,256,16,2,125,0.1,False,per_epoch,42,fp32,1,0.0,100,0.01,20,,,0,0.1,0.847,0.8274,0.8685,20,,,,,,,,/mnt/ssd-2/lucia/s16k_muon,/mnt/ssd-2/lucia/s16k_muon/merged,docs-4,bank,examples/scaling_magic/LDS_RESULTS.md,"Paired diff adamw-muon = +0.0863 [+0.0670, +0.1052], 19/20 per-query wins; identical subset lists both optimizers. metasmoothness and EK-FAC NOT measured. Base-training checkpoints DELETED; 100 retrained models kept, so EK-FAC can be scored against this bank without retraining."
sm_muon_eps1e6_1e4_4k,partial,gpt2_ft,gpt2,pretrained,none,124,1.0,smollm2,4000,0,muon,0.0001,polynomial,0.25,1e-06,1e-08,0.95,0.975,0.01,,64,1,4,250,0.1,False,rep,42,fp32,1,0.0,50,0.01,,0.993,per_epoch,0,0.1,,,,,0.4514,0.416,0.486,50,2.94,0.011,0.0118,,/mnt/ssd-2/lucia/muon4k/run_1e-4/N4k,,bank,LDS_RESULTS.md,
sm_muon_eps1e6_5e5_16k,partial,gpt2_ft,gpt2,pretrained,none,124,1.0,smollm2,16000,0,muon,5e-05,polynomial,0.25,1e-06,1e-08,0.95,0.975,0.01,,64,1,4,1000,0.1,False,rep,42,fp32,1,0.0,50,0.01,,0.9952,per_epoch,0,0.1,,,,,,,,,,,,/mnt/ssd-2/lucia/muon_ms_steps/msmuon_16k,,,ms_only,LDS_RESULTS.md,ms only; no leave-k-out bank. Muon is flat on both axes (0.9965->0.9947 over 8x steps).
sm_muon_eps1e6_5e5_32k,partial,gpt2_ft,gpt2,pretrained,none,124,1.0,smollm2,32000,0,muon,5e-05,polynomial,0.25,1e-06,1e-08,0.95,0.975,0.01,,64,1,4,2000,0.1,False,rep,42,fp32,1,0.0,50,0.01,,0.9947,per_epoch,0,0.1,,,,,,,,,,,,/mnt/ssd-2/lucia/muon_ms_steps/msmuon_32k,,,ms_only,LDS_RESULTS.md,ms only; no leave-k-out bank. Muon is flat on both axes (0.9965->0.9947 over 8x steps).
sm_muon_eps1e6_5e5_4k_perepoch,partial,gpt2_ft,gpt2,pretrained,none,124,1.0,smollm2,4000,0,muon,5e-05,polynomial,0.25,1e-06,1e-08,0.95,0.975,0.01,,64,1,4,250,0.1,False,per_epoch,42,fp32,1,0.0,50,0.01,,0.9962,per_epoch,0,0.1,,,,,0.463,0.42,0.503,50,,0.0053,0.0061,/mnt/ssd-1/lucia/perepoch,,,bank,LDS_RESULTS.md,Per-epoch-shuffle replication. Both ms and EK-FAC LDS are invariant to the shuffle change (rep point inside all 11 CIs). MAGIC not re-run.
sm_muon_eps1e6_5e5_8k,partial,gpt2_ft,gpt2,pretrained,none,124,1.0,smollm2,8000,0,muon,5e-05,polynomial,0.25,1e-06,1e-08,0.95,0.975,0.01,,64,1,4,500,0.1,False,rep,42,fp32,1,0.0,50,0.01,,0.9957,per_epoch,0,0.1,,,,,,,,,,,,/mnt/ssd-2/lucia/muon_ms_steps/msmuon_8k,,,ms_only,LDS_RESULTS.md,ms only; no leave-k-out bank. Muon is flat on both axes (0.9965->0.9947 over 8x steps).
sm_muon_eps1e8_5e5_4k,partial,gpt2_ft,gpt2,pretrained,none,124,1.0,smollm2,4000,0,muon,5e-05,polynomial,0.25,1e-08,1e-08,0.95,0.975,0.01,,64,1,4,250,0.1,False,rep,42,fp32,1,0.0,50,0.01,,0.9961,per_epoch,0,0.1,,,,,,,,,,,,,,,ms_only,LDS_RESULTS.md,
wt_adam_eps0_bs64,partial,gpt2_ft,gpt2,pretrained,none,124,1.0,wikitext,4358,0,adamw,0.0008,polynomial,0.25,0,1e-08,0.95,0.975,0.01,,64,1,4,272,0.1,False,rep,42,fp32,1,0.0,50,0.01,50,0.609,rep,0,0.1,,,,,-0.0109,,,50,1.86,0.0834,0.0848,runs/epsroot0_bank,,,bank,LDS_RESULTS.md,EK-FAC variant=allium-0. MAGIC spotcheck returned NaN (n=1).
wt_adam_eps1e6_dropout_ragged,partial,gpt2_ft,gpt2,pretrained,none,124,1.0,wikitext,4358,0,adamw,0.0008,polynomial,0.25,1e-06,1e-08,0.95,0.975,0.01,,64,1,4,272,0.1,True,rep,42,fp32,1,0.0,99,0.01,,,,0,0.1,0.1862,,,1,,,,,3.0,,,runs/gpt2_wikitext_dropout_ragged,,,bank+scores,LDS_RESULTS.md,"Dropout ACTIVE (train_mode=true). Collapses MAGIC vs 0.9681 without. 99 ragged subsets (2-47 docs), n=1 query."
wt_adam_eps1e6_dropout_s15,partial,gpt2_ft,gpt2,pretrained,none,124,1.0,wikitext,4358,0,adamw,0.0008,polynomial,0.25,1e-06,1e-08,0.95,0.975,0.01,,64,1,4,272,0.1,True,rep,42,fp32,1,0.0,15,0.01,,,,0,0.1,-0.2286,,,1,,,,,3.0,,,runs/gpt2_wikitext_dropout_s15,,,bank+scores,LDS_RESULTS.md,"Dropout ACTIVE (train_mode=true). Collapses MAGIC vs 0.9681 without. 15 fixed 46-doc subsets, n=1 query; 95% CI approx [-0.7, +0.35]."
wt_adam_eps1e8_bs128,partial,gpt2_ft,gpt2,pretrained,none,124,1.0,wikitext,4358,0,adamw,0.0008,polynomial,0.25,1e-08,1e-08,0.95,0.975,0.01,,128,2,4,144,0.1,False,rep,42,fp32,1,0.0,30,0.01,,,,0,0.1,0.483,0.28,0.69,5,,,,,,,,experiments/batchsize_eps1e8,,37d7b386,bank+scores,LDS_RESULTS.md,metasmoothness not yet measured; EK-FAC not run.
wt_adam_eps1e8_bs192,partial,gpt2_ft,gpt2,pretrained,none,124,1.0,wikitext,4358,0,adamw,0.0008,polynomial,0.25,1e-08,1e-08,0.95,0.975,0.01,,192,2,4,96,0.1,False,rep,42,fp32,1,0.0,30,0.01,,,,0,0.1,0.644,0.54,0.75,5,,,,,,,,experiments/batchsize_eps1e8,,37d7b386,bank+scores,LDS_RESULTS.md,metasmoothness not yet measured; EK-FAC not run.
wt_adam_eps1e8_bs224,partial,gpt2_ft,gpt2,pretrained,none,124,1.0,wikitext,4358,0,adamw,0.0008,polynomial,0.25,1e-08,1e-08,0.95,0.975,0.01,,224,2,4,83,0.1,False,rep,42,fp32,1,0.0,30,0.01,,,,0,0.1,0.407,0.22,0.62,5,,,,,,,,experiments/batchsize_eps1e8,,37d7b386,bank+scores,LDS_RESULTS.md,metasmoothness not yet measured; EK-FAC not run.
wt_adam_eps1e8_bs256,partial,gpt2_ft,gpt2,pretrained,none,124,1.0,wikitext,4358,0,adamw,0.0008,polynomial,0.25,1e-08,1e-08,0.95,0.975,0.01,,256,2,4,72,0.1,False,rep,42,fp32,1,0.0,100,0.01,,,,0,0.1,0.9519,0.9435,0.9592,50,,,,,,,,experiments/batchsize_eps1e8,,37d7b386,bank+scores,LDS_RESULTS.md,Definitive N=100/m=50. Committed as examples/magic/gpt2_wikitext.yaml.
wt_adam_eps1e8_bs64,partial,gpt2_ft,gpt2,pretrained,none,124,1.0,wikitext,4358,0,adamw,0.0008,polynomial,0.25,1e-08,1e-08,0.95,0.975,0.01,,64,1,4,288,0.1,False,rep,42,fp32,1,0.0,30,0.01,,0.8947,rep,0,0.1,0.169,0.02,0.41,4,,,,,,0.0121,0.0144,experiments/batchsize_eps1e8,,37d7b386,bank+scores,LDS_RESULTS.md,"Measured high-ms/low-MAGIC point (ms 0.89, MAGIC 0.17)."
wt_adamw_eps1e8_lr0.0008_bank100,partial,gpt2_ft,gpt2,pretrained,none,124,1.0,wikitext,4358,0,adamw,0.0008,polynomial,0.25,1e-08,1e-08,0.95,0.975,0.01,,64,1,4,272,0.1,False,rep,42,fp32,1,0.0,100,0.01,50,,,0,0.1,0.5087,,,50,0.3726,,,100,2.97,,,runs/gpt2_wikitext_bank,,,bank+scores,BASELINE_LDS.md,metasmoothness NOT measured. NB: same nominal config as wt_adam_eps1e8_bs64 but MAGIC 0.51 vs 0.17 — different bank/estimator (100 subsets x 50 queries vs 30 x 5). Reconcile before citing either.
wt_muon_eps1e8_lr0.0002_bank100,partial,gpt2_ft,gpt2,pretrained,none,124,1.0,wikitext,4358,0,muon,0.0002,polynomial,0.25,1e-08,1e-08,0.95,0.975,0.01,,64,1,4,272,0.1,False,rep,42,fp32,1,0.0,100,0.01,50,,,0,0.1,,,,,0.3804,,,100,2.95,,,runs/gpt2_muon_wikitext_bank_lr2e-4,,,bank+scores,BASELINE_LDS.md,metasmoothness NOT measured. lr8e-4 is undertrained (loss 3.61).
wt_muon_eps1e8_lr0.0008_bank100,partial,gpt2_ft,gpt2,pretrained,none,124,1.0,wikitext,4358,0,muon,0.0008,polynomial,0.25,1e-08,1e-08,0.95,0.975,0.01,,64,1,4,272,0.1,False,rep,42,fp32,1,0.0,100,0.01,50,,,0,0.1,,,,,0.0643,,,100,3.61,,,runs/gpt2_muon_wikitext_bank_lr8e-4,,,bank+scores,BASELINE_LDS.md,metasmoothness NOT measured. lr8e-4 is undertrained (loss 3.61).
wt_muon_eps1e8_lr8e-05_bank100,partial,gpt2_ft,gpt2,pretrained,none,124,1.0,wikitext,4358,0,muon,8e-05,polynomial,0.25,1e-08,1e-08,0.95,0.975,0.01,,64,1,4,272,0.1,False,rep,42,fp32,1,0.0,100,0.01,50,,,0,0.1,0.8575,,,50,0.496,,,100,2.87,,,runs/gpt2_muon_wikitext_bank,,,bank+scores,BASELINE_LDS.md,metasmoothness NOT measured. lr8e-4 is undertrained (loss 3.61).
olmo2_muon_16k_bs256,partial,olmo2_scratch,olmo2_reinit,scratch,none,124,1.0,smollm2,16000,0,muon,0.009,polynomial,0.25,1e-06,1e-08,0.95,0.975,0.1,,256,1,12,750,0.0,False,per_epoch,42,fp32,1,0.0,50,0.01,,0.006,per_epoch,0,0.1,,,,,,,,,1.34,,,,,,ms_only,LDS_RESULTS.md,
olmo2_muon_16k_bs64,partial,olmo2_scratch,olmo2_reinit,scratch,none,124,1.0,smollm2,16000,0,muon,0.009,polynomial,0.25,1e-06,1e-08,0.95,0.975,0.1,,64,1,3,750,0.0,False,per_epoch,42,fp32,1,0.0,50,0.01,,0.005,per_epoch,0,0.1,,,,,,,,,4.31,,,,,,ms_only,LDS_RESULTS.md,
olmo2_muon_16k_epsroot1e-4,partial,olmo2_scratch,olmo2_reinit,scratch,none,124,1.0,smollm2,16000,0,muon,0.009,polynomial,0.25,0.0001,1e-08,0.95,0.975,0.1,,128,1,6,750,0.0,False,per_epoch,42,fp32,1,0.0,50,0.01,,0.004,per_epoch,0,0.1,,,,,,,,,3.34,,,,,,ms_only,LDS_RESULTS.md,
olmo2_muon_16k_lr3e-3,partial,olmo2_scratch,olmo2_reinit,scratch,none,124,1.0,smollm2,16000,0,muon,0.003,polynomial,0.25,1e-06,1e-08,0.95,0.975,0.1,,128,1,6,750,0.0,False,per_epoch,42,fp32,1,0.0,50,0.01,,0.019,per_epoch,0,0.1,,,,,,,,,2.69,,,,,,ms_only,LDS_RESULTS.md,
olmo2_muon_16k_opt_adamw,partial,olmo2_scratch,olmo2_reinit,scratch,none,124,1.0,smollm2,16000,0,adamw,0.0008,polynomial,0.25,1e-06,1e-08,0.95,0.975,0.1,,128,1,6,750,0.0,False,per_epoch,42,fp32,1,0.0,50,0.01,,0.647,per_epoch,0,0.1,,,,,,,,,6.18,,,,,,ms_only,LDS_RESULTS.md,
olmo2_muon_16k_tail083,partial,olmo2_scratch,olmo2_reinit,scratch,none,124,1.0,smollm2,16000,0,muon,0.009,polynomial,0.25,1e-06,1e-08,0.95,0.975,0.1,,128,1,6,750,0.0,False,per_epoch,42,fp32,1,0.833,50,0.01,50,0.984,per_epoch,0,0.1,,,,,0.161,0.123,0.198,50,3.23,,,runs/tail_bank_083_full,,5833a9b3,bank,LDS_RESULTS.md,"MAIN RESULT: attributing only the last epoch makes pre-training scoreable (9x gain, disjoint CIs) at the model's full loss. MAGIC over the tail was in progress and is NOT recorded here."
olmo2_muon_16k_wd0,partial,olmo2_scratch,olmo2_reinit,scratch,none,124,1.0,smollm2,16000,0,muon,0.009,polynomial,0.25,1e-06,1e-08,0.95,0.975,0.0,,128,1,6,750,0.0,False,per_epoch,42,fp32,1,0.0,50,0.01,,0.003,per_epoch,0,0.1,,,,,,,,,3.27,,,,,,ms_only,LDS_RESULTS.md,
olmo2_muon_16k_window0.25,partial,olmo2_scratch,olmo2_reinit,scratch,none,124,1.0,smollm2,16000,0,muon,0.009,polynomial,0.25,1e-06,1e-08,0.95,0.975,0.1,,128,1,6,750,0.0,False,per_epoch,42,fp32,1,0.25,50,0.01,,0.025,per_epoch,0,0.1,,,,,,,,,,,,,,,ms_only,LDS_RESULTS.md,"Window sweep, ms only. frac>0.833 loses doc coverage (bank invalid)."
olmo2_muon_16k_window0.5,partial,olmo2_scratch,olmo2_reinit,scratch,none,124,1.0,smollm2,16000,0,muon,0.009,polynomial,0.25,1e-06,1e-08,0.95,0.975,0.1,,128,1,6,750,0.0,False,per_epoch,42,fp32,1,0.5,50,0.01,,0.355,per_epoch,0,0.1,,,,,,,,,,,,,,,ms_only,LDS_RESULTS.md,"Window sweep, ms only. frac>0.833 loses doc coverage (bank invalid)."
olmo2_muon_16k_window0.6,partial,olmo2_scratch,olmo2_reinit,scratch,none,124,1.0,smollm2,16000,0,muon,0.009,polynomial,0.25,1e-06,1e-08,0.95,0.975,0.1,,128,1,6,750,0.0,False,per_epoch,42,fp32,1,0.6,50,0.01,,0.669,per_epoch,0,0.1,,,,,,,,,,,,,,,ms_only,LDS_RESULTS.md,"Window sweep, ms only. frac>0.833 loses doc coverage (bank invalid)."
olmo2_muon_16k_window0.75,partial,olmo2_scratch,olmo2_reinit,scratch,none,124,1.0,smollm2,16000,0,muon,0.009,polynomial,0.25,1e-06,1e-08,0.95,0.975,0.1,,128,1,6,750,0.0,False,per_epoch,42,fp32,1,0.75,50,0.01,,0.793,per_epoch,0,0.1,,,,,,,,,,,,,,,ms_only,LDS_RESULTS.md,"Window sweep, ms only. frac>0.833 loses doc coverage (bank invalid)."
olmo2_muon_16k_window0.896,partial,olmo2_scratch,olmo2_reinit,scratch,none,124,1.0,smollm2,16000,0,muon,0.009,polynomial,0.25,1e-06,1e-08,0.95,0.975,0.1,,128,1,6,750,0.0,False,per_epoch,42,fp32,1,0.896,50,0.01,,0.986,per_epoch,0,0.1,,,,,,,,,,,,,,,ms_only,LDS_RESULTS.md,"Window sweep, ms only. frac>0.833 loses doc coverage (bank invalid)."
olmo2_muon_16k_window0.95,partial,olmo2_scratch,olmo2_reinit,scratch,none,124,1.0,smollm2,16000,0,muon,0.009,polynomial,0.25,1e-06,1e-08,0.95,0.975,0.1,,128,1,6,750,0.0,False,per_epoch,42,fp32,1,0.95,50,0.01,,0.993,per_epoch,0,0.1,,,,,,,,,,,,,,,ms_only,LDS_RESULTS.md,"Window sweep, ms only. frac>0.833 loses doc coverage (bank invalid)."
olmo2_muon_16k_window0.99,partial,olmo2_scratch,olmo2_reinit,scratch,none,124,1.0,smollm2,16000,0,muon,0.009,polynomial,0.25,1e-06,1e-08,0.95,0.975,0.1,,128,1,6,750,0.0,False,per_epoch,42,fp32,1,0.99,50,0.01,,0.99,per_epoch,0,0.1,,,,,,,,,,,,,,,ms_only,LDS_RESULTS.md,"Window sweep, ms only. frac>0.833 loses doc coverage (bank invalid)."
olmo2_muon_32k_full,partial,olmo2_scratch,olmo2_reinit,scratch,none,124,1.0,smollm2,32000,0,muon,0.009,polynomial,0.25,1e-06,1e-08,0.95,0.975,0.1,,128,1,6,1500,0.0,False,per_epoch,42,fp32,1,0.0,50,0.01,,0.0051,per_epoch,0,0.1,,,,,,,,,3.09,,,,,,ms_only,LDS_RESULTS.md,Full-run attribution is flat at ~0 across 1.9 nats of loss.
olmo2_muon_4k_full,partial,olmo2_scratch,olmo2_reinit,scratch,none,124,1.0,smollm2,4000,0,muon,0.009,polynomial,0.25,1e-06,1e-08,0.95,0.975,0.1,,128,1,6,188,0.0,False,per_epoch,42,fp32,1,0.0,50,0.01,,0.0095,per_epoch,0,0.1,,,,,,,,,4.98,,,,,,ms_only,LDS_RESULTS.md,Full-run attribution is flat at ~0 across 1.9 nats of loss.
olmo2_muon_8k_full,partial,olmo2_scratch,olmo2_reinit,scratch,none,124,1.0,smollm2,8000,0,muon,0.009,polynomial,0.25,1e-06,1e-08,0.95,0.975,0.1,,128,1,6,375,0.0,False,per_epoch,42,fp32,1,0.0,50,0.01,,0.0177,per_epoch,0,0.1,,,,,,,,,3.95,,,,,,ms_only,LDS_RESULTS.md,Full-run attribution is flat at ~0 across 1.9 nats of loss.
fill_sm_adamw_eps1e17_16k_bs256_ms,planned,gpt2_ft,gpt2,pretrained,none,124,1.0,smollm2,16000,0,adamw,0.0002,polynomial,0.25,1e-17,1e-08,0.95,0.975,0.01,,256,16,2,125,0.1,False,per_epoch,42,fp32,1,0.0,50,0.01,,,,0,0.1,,,,,,,,,,,,,,,,planned,"Measure metasmoothness AND EK-FAC LDS for sm_adamw_eps1e17_16k_bs256. The 100-model bank exists, so EK-FAC needs only scoring + validate --retrained_dir."
fill_sm_muon_eps1e17_16k_bs256_ms,planned,gpt2_ft,gpt2,pretrained,none,124,1.0,smollm2,16000,0,muon,0.0002,polynomial,0.25,1e-17,1e-08,0.95,0.975,0.01,,256,16,2,125,0.1,False,per_epoch,42,fp32,1,0.0,50,0.01,,,,0,0.1,,,,,,,,,,,,,,,,planned,Measure metasmoothness AND EK-FAC LDS for sm_muon_eps1e17_16k_bs256; bank exists.
plan_adam_eps1e17_16k_arch_control,planned,gpt2_ft,gpt2_custom,pretrained,none,124,1.0,smollm2,16000,0,adamw,0.0002,polynomial,0.25,1e-17,1e-08,0.95,0.975,0.01,,256,16,2,125,0.1,False,per_epoch,42,fp32,1,0.0,100,0.01,20,,,0,0.1,,,,,,,,,,,,,,,,planned,"Control for the arch_mod rows: custom model, no modification."
plan_adam_eps1e17_16k_bs128,planned,gpt2_ft,gpt2,pretrained,none,124,1.0,smollm2,16000,0,adamw,0.0002,polynomial,0.25,1e-17,1e-08,0.95,0.975,0.01,,128,8,2,250,0.1,False,per_epoch,42,fp32,1,0.0,100,0.01,20,,,0,0.1,,,,,,,,,,,,,,,,planned,Batch-size axis at eps_root 1e-17. bs256 already measured (MAGIC 0.9333).
plan_adam_eps1e17_16k_bs16,planned,gpt2_ft,gpt2,pretrained,none,124,1.0,smollm2,16000,0,adamw,0.0002,polynomial,0.25,1e-17,1e-08,0.95,0.975,0.01,,16,1,2,2000,0.1,False,per_epoch,42,fp32,1,0.0,100,0.01,20,,,0,0.1,,,,,,,,,,,,,,,,planned,Batch-size axis at eps_root 1e-17. bs256 already measured (MAGIC 0.9333).
plan_adam_eps1e17_16k_bs32,planned,gpt2_ft,gpt2,pretrained,none,124,1.0,smollm2,16000,0,adamw,0.0002,polynomial,0.25,1e-17,1e-08,0.95,0.975,0.01,,32,2,2,1000,0.1,False,per_epoch,42,fp32,1,0.0,100,0.01,20,,,0,0.1,,,,,,,,,,,,,,,,planned,Batch-size axis at eps_root 1e-17. bs256 already measured (MAGIC 0.9333).
plan_adam_eps1e17_16k_bs64,planned,gpt2_ft,gpt2,pretrained,none,124,1.0,smollm2,16000,0,adamw,0.0002,polynomial,0.25,1e-17,1e-08,0.95,0.975,0.01,,64,4,2,500,0.1,False,per_epoch,42,fp32,1,0.0,100,0.01,20,,,0,0.1,,,,,,,,,,,,,,,,planned,Batch-size axis at eps_root 1e-17. bs256 already measured (MAGIC 0.9333).
plan_adam_eps1e17_16k_ckptavg4,planned,gpt2_ft,gpt2,pretrained,none,124,1.0,smollm2,16000,0,adamw,0.0002,polynomial,0.25,1e-17,1e-08,0.95,0.975,0.01,,256,16,2,125,0.1,False,per_epoch,42,fp32,4,0.0,100,0.01,20,,,0,0.1,,,,,,,,,,,,,,,,planned,Average the query loss over the k near-final checkpoints. Needs the base-training checkpoints kept (cleanup_ckpts: false).
plan_adam_eps1e17_16k_ckptavg8,planned,gpt2_ft,gpt2,pretrained,none,124,1.0,smollm2,16000,0,adamw,0.0002,polynomial,0.25,1e-17,1e-08,0.95,0.975,0.01,,256,16,2,125,0.1,False,per_epoch,42,fp32,8,0.0,100,0.01,20,,,0,0.1,,,,,,,,,,,,,,,,planned,Average the query loss over the k near-final checkpoints. Needs the base-training checkpoints kept (cleanup_ckpts: false).
plan_adam_eps1e17_16k_clip1.0,planned,gpt2_ft,gpt2,pretrained,none,124,1.0,smollm2,16000,0,adamw,0.0002,polynomial,0.25,1e-17,1e-08,0.95,0.975,0.01,1.0,256,16,2,125,0.1,False,per_epoch,42,fp32,1,0.0,100,0.01,20,,,0,0.1,,,,,,,,,,,,,,,,planned,Clipping was a no-op at 4k/eps1e-8.
plan_adam_eps1e17_16k_gpt2-large,planned,gpt2_ft,gpt2-large,pretrained,none,774,1.0,smollm2,16000,0,adamw,0.0002,polynomial,0.25,1e-17,1e-08,0.95,0.975,0.01,,256,16,2,125,0.1,False,per_epoch,42,fp32,1,0.0,100,0.01,20,,,0,0.1,,,,,,,,,,,,,,,,planned,Model-size axis. Needs a memory plan: MAGIC backward is one reverse pass per query and scales with params.
plan_adam_eps1e17_16k_gpt2-medium,planned,gpt2_ft,gpt2-medium,pretrained,none,355,1.0,smollm2,16000,0,adamw,0.0002,polynomial,0.25,1e-17,1e-08,0.95,0.975,0.01,,256,16,2,125,0.1,False,per_epoch,42,fp32,1,0.0,100,0.01,20,,,0,0.1,,,,,,,,,,,,,,,,planned,Model-size axis. Needs a memory plan: MAGIC backward is one reverse pass per query and scales with params.
plan_adam_eps1e17_16k_preact_batchnorm,planned,gpt2_ft,gpt2_custom,pretrained,preact_batchnorm,124,1.0,smollm2,16000,0,adamw,0.0002,polynomial,0.25,1e-17,1e-08,0.95,0.975,0.01,,256,16,2,125,0.1,False,per_epoch,42,fp32,1,0.0,100,0.01,20,,,0,0.1,,,,,,,,,,,,,,,,planned,"Requires a GPT-2-like custom model; no such run exists yet. Pair with an arch_mod=none control on the SAME custom model, not with stock gpt2."
plan_adam_eps1e17_16k_preact_layernorm,planned,gpt2_ft,gpt2_custom,pretrained,preact_layernorm,124,1.0,smollm2,16000,0,adamw,0.0002,polynomial,0.25,1e-17,1e-08,0.95,0.975,0.01,,256,16,2,125,0.1,False,per_epoch,42,fp32,1,0.0,100,0.01,20,,,0,0.1,,,,,,,,,,,,,,,,planned,"Requires a GPT-2-like custom model; no such run exists yet. Pair with an arch_mod=none control on the SAME custom model, not with stock gpt2."
plan_adam_eps1e17_16k_qk_norm,planned,gpt2_ft,gpt2_custom,pretrained,qk_norm,124,1.0,smollm2,16000,0,adamw,0.0002,polynomial,0.25,1e-17,1e-08,0.95,0.975,0.01,,256,16,2,125,0.1,False,per_epoch,42,fp32,1,0.0,100,0.01,20,,,0,0.1,,,,,,,,,,,,,,,,planned,"Requires a GPT-2-like custom model; no such run exists yet. Pair with an arch_mod=none control on the SAME custom model, not with stock gpt2."
plan_adam_eps1e17_16k_scale0.25,planned,gpt2_ft,gpt2,pretrained,none,124,0.25,smollm2,16000,0,adamw,0.0002,polynomial,0.25,1e-17,1e-08,0.95,0.975,0.01,,256,16,2,125,0.1,False,per_epoch,42,fp32,1,0.0,100,0.01,20,,,0,0.1,,,,,,,,,,,,,,,,planned,Logit scale moved ms 0.876->0.609 at 4k/eps1e-8 but also moved delta_l2.
plan_adam_eps1e17_16k_scale0.5,planned,gpt2_ft,gpt2,pretrained,none,124,0.5,smollm2,16000,0,adamw,0.0002,polynomial,0.25,1e-17,1e-08,0.95,0.975,0.01,,256,16,2,125,0.1,False,per_epoch,42,fp32,1,0.0,100,0.01,20,,,0,0.1,,,,,,,,,,,,,,,,planned,Logit scale moved ms 0.876->0.609 at 4k/eps1e-8 but also moved delta_l2.
plan_adam_eps1e17_16k_warmup100,planned,gpt2_ft,gpt2,pretrained,none,124,1.0,smollm2,16000,0,adamw,0.0002,polynomial,100,1e-17,1e-08,0.95,0.975,0.01,,256,16,2,125,0.1,False,per_epoch,42,fp32,1,0.0,100,0.01,20,,,0,0.1,,,,,,,,,,,,,,,,planned,"Warm-start axis. Baseline uses warmup=0.25 (fraction of steps); these are absolute step counts, so 125-step runs need more epochs or fewer warmup steps."
plan_adam_eps1e17_16k_warmup200,planned,gpt2_ft,gpt2,pretrained,none,124,1.0,smollm2,16000,0,adamw,0.0002,polynomial,200,1e-17,1e-08,0.95,0.975,0.01,,256,16,2,125,0.1,False,per_epoch,42,fp32,1,0.0,100,0.01,20,,,0,0.1,,,,,,,,,,,,,,,,planned,"Warm-start axis. Baseline uses warmup=0.25 (fraction of steps); these are absolute step counts, so 125-step runs need more epochs or fewer warmup steps."
plan_adam_eps1e17_16k_warmup500,planned,gpt2_ft,gpt2,pretrained,none,124,1.0,smollm2,16000,0,adamw,0.0002,polynomial,500,1e-17,1e-08,0.95,0.975,0.01,,256,16,2,125,0.1,False,per_epoch,42,fp32,1,0.0,100,0.01,20,,,0,0.1,,,,,,,,,,,,,,,,planned,"Warm-start axis. Baseline uses warmup=0.25 (fraction of steps); these are absolute step counts, so 125-step runs need more epochs or fewer warmup steps."
plan_adam_eps1e17_16k_wd0.0,planned,gpt2_ft,gpt2,pretrained,none,124,1.0,smollm2,16000,0,adamw,0.0002,polynomial,0.25,1e-17,1e-08,0.95,0.975,0.0,,256,16,2,125,0.1,False,per_epoch,42,fp32,1,0.0,100,0.01,20,,,0,0.1,,,,,,,,,,,,,,,,planned,Weight decay was a null on ms at 4k/eps1e-8.
plan_adam_eps1e17_16k_wd0.1,planned,gpt2_ft,gpt2,pretrained,none,124,1.0,smollm2,16000,0,adamw,0.0002,polynomial,0.25,1e-17,1e-08,0.95,0.975,0.1,,256,16,2,125,0.1,False,per_epoch,42,fp32,1,0.0,100,0.01,20,,,0,0.1,,,,,,,,,,,,,,,,planned,Weight decay was a null on ms at 4k/eps1e-8.
plan_adam_eps1e17_32k_bs256,planned,gpt2_ft,gpt2,pretrained,none,124,1.0,smollm2,32000,0,adamw,0.0002,polynomial,0.25,1e-17,1e-08,0.95,0.975,0.01,,256,16,2,250,0.1,False,per_epoch,42,fp32,1,0.0,100,0.01,20,,,0,0.1,,,,,,,,,,,,,,,,planned,N axis at eps_root 1e-17. 16k measured (MAGIC 0.9333).
plan_adam_eps1e17_4k_bs256,planned,gpt2_ft,gpt2,pretrained,none,124,1.0,smollm2,4000,0,adamw,0.0002,polynomial,0.25,1e-17,1e-08,0.95,0.975,0.01,,256,16,2,31,0.1,False,per_epoch,42,fp32,1,0.0,100,0.01,20,,,0,0.1,,,,,,,,,,,,,,,,planned,N axis at eps_root 1e-17. 16k measured (MAGIC 0.9333).
plan_adam_eps1e17_8k_bs256,planned,gpt2_ft,gpt2,pretrained,none,124,1.0,smollm2,8000,0,adamw,0.0002,polynomial,0.25,1e-17,1e-08,0.95,0.975,0.01,,256,16,2,62,0.1,False,per_epoch,42,fp32,1,0.0,100,0.01,20,,,0,0.1,,,,,,,,,,,,,,,,planned,N axis at eps_root 1e-17. 16k measured (MAGIC 0.9333).
plan_muon_eps1e17_32k_bs256,planned,gpt2_ft,gpt2,pretrained,none,124,1.0,smollm2,32000,0,muon,0.0002,polynomial,0.25,1e-17,1e-08,0.95,0.975,0.01,,256,16,2,250,0.1,False,per_epoch,42,fp32,1,0.0,100,0.01,20,,,0,0.1,,,,,,,,,,,,,,,,planned,"N axis, muon. 16k measured (MAGIC 0.8470)."
plan_muon_eps1e17_4k_bs256,planned,gpt2_ft,gpt2,pretrained,none,124,1.0,smollm2,4000,0,muon,0.0002,polynomial,0.25,1e-17,1e-08,0.95,0.975,0.01,,256,16,2,31,0.1,False,per_epoch,42,fp32,1,0.0,100,0.01,20,,,0,0.1,,,,,,,,,,,,,,,,planned,"N axis, muon. 16k measured (MAGIC 0.8470)."
plan_muon_eps1e17_8k_bs256,planned,gpt2_ft,gpt2,pretrained,none,124,1.0,smollm2,8000,0,muon,0.0002,polynomial,0.25,1e-17,1e-08,0.95,0.975,0.01,,256,16,2,62,0.1,False,per_epoch,42,fp32,1,0.0,100,0.01,20,,,0,0.1,,,,,,,,,,,,,,,,planned,"N axis, muon. 16k measured (MAGIC 0.8470)."
sm_adam_eps0_32k,planned,gpt2_ft,gpt2,pretrained,none,124,1.0,smollm2,32000,0,adamw,0.0008,polynomial,0.25,0,1e-08,0.95,0.975,0.01,,64,1,2,1000,0.1,False,rep,42,fp32,1,0.0,50,0.01,,,,0,0.1,,,,,,,,,,,,,,,,LDS_RESULTS.md,Completes the eps0 N-sweep; the eps0 column stops at 16k.
sm_muon_eps0_5e5_32k,planned,gpt2_ft,gpt2,pretrained,none,124,1.0,smollm2,32000,0,muon,5e-05,polynomial,0.25,0,1e-08,0.95,0.975,0.01,,64,1,4,2000,0.1,False,rep,42,fp32,1,0.0,50,0.01,,,,0,0.1,,,,,,,,,,,,,,,,LDS_RESULTS.md,Cancelled mid-run to free GPUs. Resume: run_muon_ms_eps.sh 0 eps0 32
