run,method,source,query,n_removed,filter_change,random_mean,random_sd,random_n,rank,z,percentile
plan_adam_eps1e17_4k_bs256,proponents,ekfac,0,40,0.007384777069091797,8.139372221194208e-05,0.0008130159112624824,100,1,8.983075540968049,0.9900990099009901
plan_adam_eps1e17_4k_bs256,proponents,ekfac,1,40,0.009353399276733398,0.0001005387312034145,0.0007979093352332711,100,1,11.596380863027356,0.9900990099009901
plan_adam_eps1e17_4k_bs256,proponents,ekfac,2,40,0.01202535629272461,-4.187345621176064e-05,0.0008534135413356125,100,1,14.13995579452708,0.9900990099009901
plan_adam_eps1e17_4k_bs256,proponents,ekfac,3,40,0.006475687026977539,-6.6995621637033764e-06,0.0006676022312603891,100,1,9.70995345072907,0.9900990099009901
plan_adam_eps1e17_4k_bs256,proponents,ekfac,4,40,0.00958561897277832,4.681110294768587e-05,0.0007034409791231155,100,1,13.560210668592797,0.9900990099009901
plan_adam_eps1e17_4k_bs256,proponents,ekfac,5,40,0.016123056411743164,-0.0001982188259717077,0.0008803176460787654,100,1,18.540211377581024,0.9900990099009901
plan_adam_eps1e17_4k_bs256,proponents,ekfac,6,40,0.014151811599731445,-0.00013031958951614797,0.0009285151027143002,100,1,15.38168969734264,0.9900990099009901
plan_adam_eps1e17_4k_bs256,proponents,ekfac,7,40,0.010548114776611328,-7.314920367207378e-05,0.0007758881547488272,100,1,13.689168877338703,0.9900990099009901
plan_adam_eps1e17_4k_bs256,proponents,ekfac,8,40,0.008279085159301758,-8.887052536010742e-05,0.0008689541718922555,100,1,9.629916001714571,0.9900990099009901
plan_adam_eps1e17_4k_bs256,proponents,ekfac,9,40,0.014379739761352539,8.581399742979556e-05,0.0008230260573327541,100,1,17.367525167120714,0.9900990099009901
plan_adam_eps1e17_4k_bs256,proponents,ekfac,10,40,0.014130353927612305,-5.2354334911797196e-05,0.000705515209119767,100,1,20.102625824635442,0.9900990099009901
plan_adam_eps1e17_4k_bs256,proponents,ekfac,11,40,0.01588273048400879,0.0001642918650759384,0.0007596206851303577,100,1,20.69248366536441,0.9900990099009901
plan_adam_eps1e17_4k_bs256,proponents,ekfac,12,40,0.006726503372192383,0.00010771513188956305,0.0006152346613816917,100,1,10.758152386015395,0.9900990099009901
plan_adam_eps1e17_4k_bs256,proponents,ekfac,13,40,0.006439685821533203,0.00014483928680419922,0.0009551402763463557,100,1,6.5904942871934225,0.9900990099009901
plan_adam_eps1e17_4k_bs256,proponents,ekfac,14,40,0.007113456726074219,0.00017953396309167147,0.0007594922208227217,100,1,9.129682402107239,0.9900990099009901
plan_adam_eps1e17_4k_bs256,proponents,ekfac,15,40,0.0059587955474853516,9.062051685759798e-05,0.0006896876147948205,100,1,8.508453544397073,0.9900990099009901
plan_adam_eps1e17_4k_bs256,proponents,ekfac,16,40,0.007868289947509766,-1.338243509962922e-05,0.0007061325013637543,100,1,11.161747076345465,0.9900990099009901
plan_adam_eps1e17_4k_bs256,proponents,ekfac,17,40,0.03881049156188965,0.00013564586697611958,0.0011976653477177024,100,1,32.291863306067235,0.9900990099009901
plan_adam_eps1e17_4k_bs256,proponents,ekfac,18,40,0.0047893524169921875,0.00016634703206364065,0.0009035649709403515,100,1,5.116406161825116,0.9900990099009901
plan_adam_eps1e17_4k_bs256,proponents,ekfac,19,40,0.014490842819213867,4.531860395218246e-05,0.0010053734295070171,100,1,14.368317076317622,0.9900990099009901
plan_adam_eps1e17_4k_bs256,proponents,magic,0,40,0.02265024185180664,8.094072109088302e-05,0.0008129481575451791,100,1,27.762288309831714,0.9900990099009901
plan_adam_eps1e17_4k_bs256,proponents,magic,1,40,0.020702838897705078,0.00010054111771751195,0.0007979025831446052,100,1,25.82056784274601,0.9900990099009901
plan_adam_eps1e17_4k_bs256,proponents,magic,2,40,0.028731346130371094,-4.257917316863313e-05,0.0008534002699889243,100,1,33.716798922401516,0.9900990099009901
plan_adam_eps1e17_4k_bs256,proponents,magic,3,40,0.022693395614624023,-6.6804886955651455e-06,0.0006676280172541738,100,1,34.001083712275374,0.9900990099009901
plan_adam_eps1e17_4k_bs256,proponents,magic,4,40,0.01962590217590332,4.6784876758465543e-05,0.0007034344598650932,100,1,27.83360556845594,0.9900990099009901
plan_adam_eps1e17_4k_bs256,proponents,magic,5,40,0.030556678771972656,-0.00019821643945761025,0.0008803195669315755,100,1,34.93605773029551,0.9900990099009901
plan_adam_eps1e17_4k_bs256,proponents,magic,6,40,0.022876977920532227,-0.00013056039460934699,0.0009284614352509379,100,1,24.780284287115556,0.9900990099009901
plan_adam_eps1e17_4k_bs256,proponents,magic,7,40,0.026923179626464844,-7.315874245250598e-05,0.0007759302388876677,100,1,34.79222359940227,0.9900990099009901
plan_adam_eps1e17_4k_bs256,proponents,magic,8,40,0.02760028839111328,-8.891343895811588e-05,0.0008689825190231204,100,1,31.863934226431418,0.9900990099009901
plan_adam_eps1e17_4k_bs256,proponents,magic,9,40,0.025256633758544922,8.584737952332944e-05,0.0008230426465161145,100,1,30.582602840287656,0.9900990099009901
plan_adam_eps1e17_4k_bs256,proponents,magic,10,40,0.022233963012695312,-5.258321834844537e-05,0.0007055632886476815,100,1,31.58688467728995,0.9900990099009901
plan_adam_eps1e17_4k_bs256,proponents,magic,11,40,0.0286562442779541,0.00016390800010412931,0.0007595716742798686,100,1,37.51105687934304,0.9900990099009901
plan_adam_eps1e17_4k_bs256,proponents,magic,12,40,0.017140626907348633,0.00010771035886136815,0.0006152410060167313,100,1,27.68495009583945,0.9900990099009901
plan_adam_eps1e17_4k_bs256,proponents,magic,13,40,0.02509284019470215,0.0001448535913368687,0.0009551426628604531,100,1,26.119644293399336,0.9900990099009901
plan_adam_eps1e17_4k_bs256,proponents,magic,14,40,0.02494025230407715,0.00017971753550227731,0.0007594794151373208,100,1,32.60198272009511,0.9900990099009901
plan_adam_eps1e17_4k_bs256,proponents,magic,15,40,0.019369840621948242,9.058236901182681e-05,0.0006896950653754175,100,1,27.953307513433135,0.9900990099009901
plan_adam_eps1e17_4k_bs256,proponents,magic,16,40,0.019553661346435547,-1.2912750207760837e-05,0.0007061318610794842,100,1,27.709518823766597,0.9900990099009901
plan_adam_eps1e17_4k_bs256,proponents,magic,17,40,0.04988813400268555,0.00013567447604145855,0.0011976624373346567,100,1,41.541304106828235,0.9900990099009901
plan_adam_eps1e17_4k_bs256,proponents,magic,18,40,0.020503997802734375,0.0001672506332397461,0.0009036135743372142,100,1,22.506022205798867,0.9900990099009901
plan_adam_eps1e17_4k_bs256,proponents,magic,19,40,0.02602553367614746,4.5299530029296875e-05,0.0010053029982373118,100,1,25.843187766943544,0.9900990099009901
plan_adam_eps1e17_8k_bs256,proponents,ekfac,0,80,0.018755197525024414,0.00012224435340613127,0.0010507191764190793,100,1,17.733523466394345,0.9900990099009901
plan_adam_eps1e17_8k_bs256,proponents,ekfac,1,80,0.020872831344604492,0.000286102294921875,0.0009087931248359382,100,1,22.652822173802292,0.9900990099009901
plan_adam_eps1e17_8k_bs256,proponents,ekfac,2,80,0.023325681686401367,2.5846959033515304e-05,0.0012616378953680396,100,1,18.467925553687433,0.9900990099009901
plan_adam_eps1e17_8k_bs256,proponents,ekfac,3,80,0.017365694046020508,0.0001586604048497975,0.0009564157808199525,100,1,17.991164497953818,0.9900990099009901
plan_adam_eps1e17_8k_bs256,proponents,ekfac,4,80,0.01964545249938965,0.00014107703464105725,0.0012178138131275773,100,1,16.015892786318172,0.9900990099009901
plan_adam_eps1e17_8k_bs256,proponents,ekfac,5,80,0.027810335159301758,0.0004951620358042419,0.0012405639281496406,100,1,22.018351899236166,0.9900990099009901
plan_adam_eps1e17_8k_bs256,proponents,ekfac,6,80,0.02611064910888672,7.52377527533099e-05,0.0010090895229950547,100,1,25.800893540999535,0.9900990099009901
plan_adam_eps1e17_8k_bs256,proponents,ekfac,7,80,0.028886795043945312,0.00022600173542741686,0.0012773014605045319,100,1,22.43855048689675,0.9900990099009901
plan_adam_eps1e17_8k_bs256,proponents,ekfac,8,80,0.014272689819335938,0.0004661035491153598,0.0011609221110120416,100,1,11.892775698952443,0.9900990099009901
plan_adam_eps1e17_8k_bs256,proponents,ekfac,9,80,0.02428150177001953,0.0001798915909603238,0.0010099677601829171,100,1,23.863742120534738,0.9900990099009901
plan_adam_eps1e17_8k_bs256,proponents,ekfac,10,80,0.023890018463134766,-7.917881157482043e-05,0.001125147333368659,100,1,21.303163207032178,0.9900990099009901
plan_adam_eps1e17_8k_bs256,proponents,ekfac,11,80,0.04034733772277832,0.00027172325644642115,0.0014171786606311798,100,1,28.278448991380603,0.9900990099009901
plan_adam_eps1e17_8k_bs256,proponents,ekfac,12,80,0.02023625373840332,0.0004287672054488212,0.0009121934999711812,100,1,21.71412812476769,0.9900990099009901
plan_adam_eps1e17_8k_bs256,proponents,ekfac,13,80,0.007904767990112305,-0.0005619311123155057,0.0015212306752800941,100,1,5.5656904899507715,0.9900990099009901
plan_adam_eps1e17_8k_bs256,proponents,ekfac,14,80,0.015457630157470703,0.00022982597874943167,0.0009720248053781688,100,1,15.66606540745311,0.9900990099009901
plan_adam_eps1e17_8k_bs256,proponents,ekfac,15,80,0.014749288558959961,0.00016220092948060483,0.0018284773686900735,100,1,7.97772391349289,0.9900990099009901
plan_adam_eps1e17_8k_bs256,proponents,ekfac,16,80,0.015345096588134766,9.244680404663086e-05,0.0010036565363407135,100,1,15.197081104755824,0.9900990099009901
plan_adam_eps1e17_8k_bs256,proponents,ekfac,17,80,0.17565155029296875,0.0006016850238665938,0.0019653402268886566,100,1,89.06847927609195,0.9900990099009901
plan_adam_eps1e17_8k_bs256,proponents,ekfac,18,80,0.01735544204711914,-1.3597011275123805e-05,0.0014579533599317074,100,1,11.91330226037399,0.9900990099009901
plan_adam_eps1e17_8k_bs256,proponents,ekfac,19,80,0.03225255012512207,0.00038936137570999563,0.002125254599377513,100,1,14.992645473509294,0.9900990099009901
plan_adam_eps1e17_8k_bs256,proponents,magic,0,80,0.07271599769592285,0.00012177944154245779,0.001050635357387364,100,1,69.09554084958829,0.9900990099009901
plan_adam_eps1e17_8k_bs256,proponents,magic,1,80,0.051213741302490234,0.00028609990840777755,0.0009087920770980418,100,1,56.038826347061466,0.9900990099009901
plan_adam_eps1e17_8k_bs256,proponents,magic,2,80,0.07308506965637207,2.5846959033515304e-05,0.0012616516323760152,100,1,57.90760367007905,0.9900990099009901
plan_adam_eps1e17_8k_bs256,proponents,magic,3,80,0.06328749656677246,0.00015868902846705168,0.0009564260835759342,100,1,66.00489951327575,0.9900990099009901
plan_adam_eps1e17_8k_bs256,proponents,magic,4,80,0.05930495262145996,0.00014061451656743884,0.0012179050827398896,100,1,48.57877591888527,0.9900990099009901
plan_adam_eps1e17_8k_bs256,proponents,magic,5,80,0.07185482978820801,0.0004951548762619495,0.001240564975887537,100,1,57.52191646462792,0.9900990099009901
plan_adam_eps1e17_8k_bs256,proponents,magic,6,80,0.05566120147705078,7.496118632843718e-05,0.001009120256640017,100,1,55.08386133859128,0.9900990099009901
plan_adam_eps1e17_8k_bs256,proponents,magic,7,80,0.07047438621520996,0.00022599697695113719,0.001277279225178063,100,1,54.99845911019624,0.9900990099009901
plan_adam_eps1e17_8k_bs256,proponents,magic,8,80,0.05638694763183594,0.0004660987760871649,0.0011609317734837532,100,1,48.16893648103031,0.9900990099009901
plan_adam_eps1e17_8k_bs256,proponents,magic,9,80,0.05637216567993164,0.00017988920444622636,0.0010099669452756643,100,1,55.63773818374627,0.9900990099009901
plan_adam_eps1e17_8k_bs256,proponents,magic,10,80,0.061144113540649414,-7.894039299571887e-05,0.0011251283576712012,100,1,54.41428394922429,0.9900990099009901
plan_adam_eps1e17_8k_bs256,proponents,magic,11,80,0.08712649345397949,0.00027222157223150134,0.0014170935610309243,100,1,61.29042871281004,0.9900990099009901
plan_adam_eps1e17_8k_bs256,proponents,magic,12,80,0.04398465156555176,0.00042878149542957544,0.0009121902985498309,100,1,47.748666193189976,0.9900990099009901
plan_adam_eps1e17_8k_bs256,proponents,magic,13,80,0.046721696853637695,-0.0005619287258014083,0.0015212275320664048,100,1,31.082546550554458,0.9900990099009901
plan_adam_eps1e17_8k_bs256,proponents,magic,14,80,0.05876493453979492,0.00022979021014180034,0.0009720661328174174,100,1,60.21724484937667,0.9900990099009901
plan_adam_eps1e17_8k_bs256,proponents,magic,15,80,0.05968928337097168,0.00016237258387263864,0.001828527427278459,100,1,32.55456270387894,0.9900990099009901
plan_adam_eps1e17_8k_bs256,proponents,magic,16,80,0.04494500160217285,9.244680404663086e-05,0.0010036565363407135,100,1,44.68914730696281,0.9900990099009901
plan_adam_eps1e17_8k_bs256,proponents,magic,17,80,0.18964838981628418,0.0006016850238665938,0.0019653341732919216,100,1,96.19061600896381,0.9900990099009901
plan_adam_eps1e17_8k_bs256,proponents,magic,18,80,0.0785367488861084,-1.359224279440241e-05,0.0014579514972865582,100,1,53.87719774978485,0.9900990099009901
plan_adam_eps1e17_8k_bs256,proponents,magic,19,80,0.11098957061767578,0.0003895664121955633,0.002125290920957923,100,1,52.0399363281663,0.9900990099009901
