n,rule,method,qset,query,qld,ctrl_sd,ctrl_n
4000,top1%,ekfac,in-dist,0,0.007303383346879855,0.0008130159112624824,100
4000,top1%,ekfac,in-dist,1,0.009252860545529984,0.0007979093352332711,100
4000,top1%,ekfac,in-dist,2,0.01206722974893637,0.0008534135413356125,100
4000,top1%,ekfac,in-dist,3,0.0064823865891412424,0.0006676022312603891,100
4000,top1%,ekfac,in-dist,4,0.009538807869830634,0.0007034409791231155,100
4000,top1%,ekfac,in-dist,5,0.016321275237714872,0.0008803176460787654,100
4000,top1%,ekfac,in-dist,6,0.014282131189247593,0.0009285151027143002,100
4000,top1%,ekfac,in-dist,7,0.010621263980283402,0.0007758881547488272,100
4000,top1%,ekfac,in-dist,8,0.008367955684661865,0.0008689541718922555,100
4000,top1%,ekfac,in-dist,9,0.014293925763922743,0.0008230260573327541,100
4000,top1%,ekfac,in-dist,10,0.014182708262524102,0.000705515209119767,100
4000,top1%,ekfac,in-dist,11,0.01571843861893285,0.0007596206851303577,100
4000,top1%,ekfac,in-dist,12,0.00661878824030282,0.0006152346613816917,100
4000,top1%,ekfac,in-dist,13,0.006294846534729004,0.0009551402763463557,100
4000,top1%,ekfac,in-dist,14,0.006933922762982547,0.0007594922208227217,100
4000,top1%,ekfac,in-dist,15,0.005868175030627754,0.0006896876147948205,100
4000,top1%,ekfac,in-dist,16,0.007881672382609395,0.0007061325013637543,100
4000,top1%,ekfac,in-dist,17,0.03867484569491353,0.0011976653477177024,100
4000,top1%,ekfac,in-dist,18,0.004623005384928547,0.0009035649709403515,100
4000,top1%,ekfac,in-dist,19,0.014445524215261685,0.0010053734295070171,100
4000,top1%,ekfac,held-out,0,0.00727391242980957,0.0005471691256389022,3
4000,top1%,ekfac,held-out,1,0.005318323761457577,0.00032625667518004775,3
4000,top1%,ekfac,held-out,2,0.007747252777335234,0.0007614670903421938,3
4000,top1%,ekfac,held-out,3,0.009620825439924374,0.0009049221407622099,3
4000,top1%,ekfac,held-out,4,0.01189279556274414,0.00025879027089104056,3
4000,top1%,ekfac,held-out,5,0.005180994659895077,0.0011628635693341494,3
4000,top1%,ekfac,held-out,6,0.006762663542758673,0.0008481605909764767,3
4000,top1%,ekfac,held-out,7,0.006307760872005019,0.00029949648887850344,3
4000,top1%,ekfac,held-out,8,0.006636699041337124,0.0005499552353285253,3
4000,top1%,ekfac,held-out,9,0.00701904296875,0.0007359400624409318,3
4000,top1%,ekfac,held-out,10,0.005977153778076172,0.0004531939630396664,3
4000,top1%,ekfac,held-out,11,0.006521940231323242,0.0009053146932274103,3
4000,top1%,ekfac,held-out,12,0.01121465364121832,0.0005108223995193839,3
4000,top1%,ekfac,held-out,13,0.007655700028408319,0.0002587319759186357,3
4000,top1%,ekfac,held-out,14,0.006534655884024687,0.0010560133960098028,3
4000,top1%,ekfac,held-out,15,0.02375316619873047,0.0006328398012556136,3
4000,top1%,ekfac,held-out,16,0.006364266067976132,0.0006163591169752181,3
4000,top1%,ekfac,held-out,17,0.01089469591533998,0.00021116973948664963,3
4000,top1%,ekfac,held-out,18,0.007168372470914619,0.0008063873392529786,3
4000,top1%,ekfac,held-out,19,0.006793975830078125,0.00044252106454223394,3
4000,top1%,bm25,in-dist,0,0.0032158470153808593,0.0008088289151139804,100
4000,top1%,bm25,in-dist,1,0.007766592502593994,0.00079384348427513,100
4000,top1%,bm25,in-dist,2,0.004599635601043701,0.000849251525470888,100
4000,top1%,bm25,in-dist,3,0.004206497669219971,0.0006644709203955666,100
4000,top1%,bm25,in-dist,4,0.005960788726806641,0.000699863721229262,100
4000,top1%,bm25,in-dist,5,0.009357836246490479,0.0008757227633470277,100
4000,top1%,bm25,in-dist,6,0.00917722225189209,0.0009236935565168878,100
4000,top1%,bm25,in-dist,7,0.006062438488006592,0.0007721412377631862,100
4000,top1%,bm25,in-dist,8,0.006866996288299561,0.0008646592270259106,100
4000,top1%,bm25,in-dist,9,0.012020502090454101,0.0008191620226652877,100
4000,top1%,bm25,in-dist,10,0.008283405303955079,0.0007019724819894328,100
4000,top1%,bm25,in-dist,11,0.010150561332702637,0.0007557512723337222,100
4000,top1%,bm25,in-dist,12,0.0053826022148132325,0.0006120376560869862,100
4000,top1%,bm25,in-dist,13,0.00400219440460205,0.000950339180930003,100
4000,top1%,bm25,in-dist,14,0.007800388336181641,0.000755751274274255,100
4000,top1%,bm25,in-dist,15,0.005393576622009277,0.0006863236190226138,100
4000,top1%,bm25,in-dist,16,0.006025207042694092,0.0007026229249084014,100
4000,top1%,bm25,in-dist,17,0.03805635690689087,0.0011916242986239032,100
4000,top1%,bm25,in-dist,18,0.0022696447372436523,0.0008988942609225759,100
4000,top1%,bm25,in-dist,19,-0.0007552218437194824,0.001000475459153497,100
4000,top1%,bm25,held-out,0,0.006931702286237851,0.0005468963063322008,3
4000,top1%,bm25,held-out,1,0.0033090909419115633,0.00032604788430035114,3
4000,top1%,bm25,held-out,2,0.006288290023803711,0.0007619640091434121,3
4000,top1%,bm25,held-out,3,0.004795074462890625,0.0009054157417267561,3
4000,top1%,bm25,held-out,4,0.011897007614606991,0.0002584374160505831,3
4000,top1%,bm25,held-out,5,0.0014560222625732422,0.0011624932521954179,3
4000,top1%,bm25,held-out,6,0.005265792191494256,0.0008480843971483409,3
4000,top1%,bm25,held-out,7,0.003816843032836914,0.00029949843883514404,3
4000,top1%,bm25,held-out,8,0.0052648385371867334,0.0005497192614711821,3
4000,top1%,bm25,held-out,9,0.006028254836564884,0.0007359129376709461,3
4000,top1%,bm25,held-out,10,0.009052912384504452,0.0004530308360699564,3
4000,top1%,bm25,held-out,11,0.0039365291595458984,0.0009048316278494895,3
4000,top1%,bm25,held-out,12,0.009658018738264218,0.000511088699568063,3
4000,top1%,bm25,held-out,13,0.007657686888705939,0.000258332904195413,3
4000,top1%,bm25,held-out,14,0.004382054015877657,0.0010558102512732148,3
4000,top1%,bm25,held-out,15,0.015513976410147734,0.0006328634335659444,3
4000,top1%,bm25,held-out,16,0.004990339279174805,0.0006162368808872998,3
4000,top1%,bm25,held-out,17,0.006339311599731445,0.000210873520700261,3
4000,top1%,bm25,held-out,18,0.007038911182462471,0.000806592870503664,3
4000,top1%,bm25,held-out,19,0.004041194915771484,0.00044269495992921293,3
4000,top1%,magic,in-dist,0,0.022569301130715758,0.0008129481575451791,100
4000,top1%,magic,in-dist,1,0.020602297779987566,0.0007979025831446052,100
4000,top1%,magic,in-dist,2,0.028773925303539727,0.0008534002699889243,100
4000,top1%,magic,in-dist,3,0.02270007610331959,0.0006676280172541738,100
4000,top1%,magic,in-dist,4,0.019579117299144855,0.0007034344598650932,100
4000,top1%,magic,in-dist,5,0.030754895211430266,0.0008803195669315755,100
4000,top1%,magic,in-dist,6,0.023007538315141574,0.0009284614352509379,100
4000,top1%,magic,in-dist,7,0.02699633836891735,0.0007759302388876677,100
4000,top1%,magic,in-dist,8,0.027689201830071397,0.0008689825190231204,100
4000,top1%,magic,in-dist,9,0.025170786379021592,0.0008230426465161145,100
4000,top1%,magic,in-dist,10,0.022286546231043758,0.0007055632886476815,100
4000,top1%,magic,in-dist,11,0.028492336277849972,0.0007595716742798686,100
4000,top1%,magic,in-dist,12,0.017032916548487265,0.0006152410060167313,100
4000,top1%,magic,in-dist,13,0.02494798660336528,0.0009551426628604531,100
4000,top1%,magic,in-dist,14,0.02476053476857487,0.0007594794151373208,100
4000,top1%,magic,in-dist,15,0.019279258252936415,0.0006896950653754175,100
4000,top1%,magic,in-dist,16,0.019566574096643308,0.0007061318610794842,100
4000,top1%,magic,in-dist,17,0.04975245952664409,0.0011976624373346567,100
4000,top1%,magic,in-dist,18,0.02033674716949463,0.0009036135743372142,100
4000,top1%,magic,in-dist,19,0.025980234146118164,0.0010053029982373118,100
4000,top40,ekfac,in-dist,0,0.007364352544755093,0.0005840234225615859,3
4000,top40,ekfac,in-dist,1,0.009829362243181095,0.000523510214406997,3
4000,top40,ekfac,in-dist,2,0.011024951934814453,0.0007956628105603158,3
4000,top40,ekfac,in-dist,3,0.006528059642732842,0.001084639341570437,3
4000,top40,ekfac,in-dist,4,0.009366591766593046,0.0009813973447307944,3
4000,top40,ekfac,in-dist,5,0.016303459808113985,0.0007888933760114014,3
4000,top40,ekfac,in-dist,6,0.01391927401709836,0.000190329912584275,3
4000,top40,ekfac,in-dist,7,0.010966618865495548,0.0005338970222510397,3
4000,top40,ekfac,in-dist,8,0.008209625877498183,0.0004874620062764734,3
4000,top40,ekfac,in-dist,9,0.014270226158259902,0.00015042781888041645,3
4000,top40,ekfac,in-dist,10,0.0136260986328125,0.0003970475518144667,3
4000,top40,ekfac,in-dist,11,0.015636444091796875,0.00036378635559231043,3
4000,top40,ekfac,in-dist,12,0.0068041483536944725,0.0009329391177743673,3
4000,top40,ekfac,in-dist,13,0.005250215530395508,0.0013241757405921817,3
4000,top40,ekfac,in-dist,14,0.007263739898917265,0.00040158024057745934,3
4000,top40,ekfac,in-dist,15,0.005626360565656796,0.00043631441076286137,3
4000,top40,ekfac,in-dist,16,0.007128477096557617,0.0004921479849144816,3
4000,top40,ekfac,in-dist,17,0.039169708878034726,0.0004540251975413412,3
4000,top40,ekfac,in-dist,18,0.005210002273088321,0.0003390876518096775,3
4000,top40,ekfac,in-dist,19,0.013810793578159064,0.0010032624704763293,3
4000,top40,bm25,in-dist,0,0.0032163238525390624,0.0008129036457646335,100
4000,top40,bm25,in-dist,1,0.007766830921173096,0.0007978427210936373,100
4000,top40,bm25,in-dist,2,0.004601781368255615,0.0008535298977648144,100
4000,top40,bm25,in-dist,3,0.004205305576324463,0.000667818402137638,100
4000,top40,bm25,in-dist,4,0.0059615039825439455,0.0007033895053634397,100
4000,top40,bm25,in-dist,5,0.009357120990753174,0.0008801344928470568,100
4000,top40,bm25,in-dist,6,0.009176983833312988,0.0009283469540107444,100
4000,top40,bm25,in-dist,7,0.006062676906585693,0.0007760311426730565,100
4000,top40,bm25,in-dist,8,0.006867234706878662,0.0008690152204738402,100
4000,top40,bm25,in-dist,9,0.012020740509033203,0.000823288809602838,100
4000,top40,bm25,in-dist,10,0.00828364372253418,0.0007055088896707461,100
4000,top40,bm25,in-dist,11,0.010150322914123535,0.0007595586076256539,100
4000,top40,bm25,in-dist,12,0.005380933284759522,0.0006151209887300336,100
4000,top40,bm25,in-dist,13,0.004001955986022949,0.0009551268141571194,100
4000,top40,bm25,in-dist,14,0.00779871940612793,0.000759558609575963,100
4000,top40,bm25,in-dist,15,0.005394291877746582,0.0006897811906232836,100
4000,top40,bm25,in-dist,16,0.006025207042694092,0.0007061626094009773,100
4000,top40,bm25,in-dist,17,0.038057548999786375,0.0011976274816987585,100
4000,top40,bm25,in-dist,18,0.002269883155822754,0.0009034227241466698,100
4000,top40,bm25,in-dist,19,-0.0007568907737731934,0.0010055156696880875,100
4000,top40,bm25,held-out,0,0.0069318612513598055,0.000546410446986556,3
4000,top40,bm25,held-out,1,0.0033090909419115633,0.00032604788430035114,3
4000,top40,bm25,held-out,2,0.00628789265465457,0.0007623434066772461,3
4000,top40,bm25,held-out,3,0.004795074462890625,0.0009054157417267561,3
4000,top40,bm25,held-out,4,0.011897087097167969,0.00025855228886939585,3
4000,top40,bm25,held-out,5,0.0014561811985913664,0.001162225496955216,3
4000,top40,bm25,held-out,6,0.0052661895751953125,0.0008484054706059396,3
4000,top40,bm25,held-out,7,0.003816366195678711,0.0002995421818923205,3
4000,top40,bm25,held-out,8,0.005265712738037109,0.0005496111116372049,3
4000,top40,bm25,held-out,9,0.006028493255143985,0.0007359129376709461,3
4000,top40,bm25,held-out,10,0.009054025023942813,0.0004535863408818841,3
4000,top40,bm25,held-out,11,0.0039365291595458984,0.0009046369232237339,3
4000,top40,bm25,held-out,12,0.009657541901106015,0.0005109271733090281,3
4000,top40,bm25,held-out,13,0.007657686888705939,0.000258332904195413,3
4000,top40,bm25,held-out,14,0.004381656646728516,0.0010556967463344336,3
4000,top40,bm25,held-out,15,0.015513976410147734,0.0006328634335659444,3
4000,top40,bm25,held-out,16,0.004992087691789493,0.0006162431673146784,3
4000,top40,bm25,held-out,17,0.0063391526564373635,0.0002111465873895213,3
4000,top40,bm25,held-out,18,0.007038752239168389,0.0008068721508607268,3
4000,top40,bm25,held-out,19,0.004040877029183321,0.0004429512482602149,3
4000,top40,magic,in-dist,0,0.022630771001786343,0.0005842496757395566,3
4000,top40,magic,in-dist,1,0.021179676055908203,0.0005236962460912764,3
4000,top40,magic,in-dist,2,0.02773173653986305,0.000796500185970217,3
4000,top40,magic,in-dist,3,0.022746960323274834,0.001084970193915069,3
4000,top40,magic,in-dist,4,0.019405444458243437,0.0009831583593040705,3
4000,top40,magic,in-dist,5,0.030736684799194336,0.0007878071628510952,3
4000,top40,magic,in-dist,6,0.022645791366812773,0.00019030229304917157,3
4000,top40,magic,in-dist,7,0.027342955261701718,0.0005340110510587692,3
4000,top40,magic,in-dist,8,0.02753162384033203,0.00048733895528130233,3
4000,top40,magic,in-dist,9,0.0251492659226642,0.0001502079248894006,3
4000,top40,magic,in-dist,10,0.021729707717895508,0.00039622679469175637,3
4000,top40,magic,in-dist,11,0.028411229461198673,0.00036405763239599764,3
4000,top40,magic,in-dist,12,0.01721803347027162,0.0009337388910353184,3
4000,top40,magic,in-dist,13,0.023903608322143555,0.0013235699152573943,3
4000,top40,magic,in-dist,14,0.025091886520385742,0.0004031990247312933,3
4000,top40,magic,in-dist,15,0.019037167221540585,0.000436796952271834,3
4000,top40,magic,in-dist,16,0.018813371658325195,0.0004921429208479822,3
4000,top40,magic,in-dist,17,0.0502474308013916,0.0004541581147350371,3
4000,top40,magic,in-dist,18,0.020923852920532227,0.00033819800592027605,3
4000,top40,magic,in-dist,19,0.02534596127225086,0.0010032174177467823,3
8000,top1%,ekfac,in-dist,0,0.018632953171618283,0.0010507191764190793,100
8000,top1%,ekfac,in-dist,1,0.020586729049682617,0.0009087931248359382,100
8000,top1%,ekfac,in-dist,2,0.023299834727367852,0.0012616378953680396,100
8000,top1%,ekfac,in-dist,3,0.01720703364117071,0.0009564157808199525,100
8000,top1%,ekfac,in-dist,4,0.01950437546474859,0.0012178138131275773,100
8000,top1%,ekfac,in-dist,5,0.027315173123497516,0.0012405639281496406,100
8000,top1%,ekfac,in-dist,6,0.02603541135613341,0.0010090895229950547,100
8000,top1%,ekfac,in-dist,7,0.028660793308517896,0.0012773014605045319,100
8000,top1%,ekfac,in-dist,8,0.013806586270220578,0.0011609221110120416,100
8000,top1%,ekfac,in-dist,9,0.024101610179059207,0.0010099677601829171,100
8000,top1%,ekfac,in-dist,10,0.023969197274709586,0.001125147333368659,100
8000,top1%,ekfac,in-dist,11,0.0400756144663319,0.0014171786606311798,100
8000,top1%,ekfac,in-dist,12,0.0198074865329545,0.0009121934999711812,100
8000,top1%,ekfac,in-dist,13,0.00846669910242781,0.0015212306752800941,100
8000,top1%,ekfac,in-dist,14,0.015227804178721271,0.0009720248053781688,100
8000,top1%,ekfac,in-dist,15,0.014587087629479356,0.0018284773686900735,100
8000,top1%,ekfac,in-dist,16,0.015252649784088135,0.0010036565363407135,100
8000,top1%,ekfac,in-dist,17,0.17504986526910216,0.0019653402268886566,100
8000,top1%,ekfac,in-dist,18,0.017369039058394264,0.0014579533599317074,100
8000,top1%,ekfac,in-dist,19,0.031863188749412075,0.002125254599377513,100
8000,top1%,ekfac,held-out,0,0.015979528427124023,0.002297373255714774,3
8000,top1%,ekfac,held-out,1,0.015364726379630156,5.428426811704412e-05,3
8000,top1%,ekfac,held-out,2,0.01505335172987543,0.0004621206608135253,3
8000,top1%,ekfac,held-out,3,0.02562967935227789,0.0011848727008327842,3
8000,top1%,ekfac,held-out,4,0.0200087229404744,0.0011559998383745551,3
8000,top1%,ekfac,held-out,5,0.017760833114152774,0.0006817779503762722,3
8000,top1%,ekfac,held-out,6,0.014742692314030137,0.0007962420932017267,3
8000,top1%,ekfac,held-out,7,0.011572440474992618,0.0007275360403582454,3
8000,top1%,ekfac,held-out,8,0.011674006782413926,0.0008215284906327724,3
8000,top1%,ekfac,held-out,9,0.019540468842023984,0.00018149986863136292,3
8000,top1%,ekfac,held-out,10,0.018745581309303816,0.0003815304080490023,3
8000,top1%,ekfac,held-out,11,0.01564033826070954,0.0012506941566243768,3
8000,top1%,ekfac,held-out,12,0.03836536407470703,0.0003002076118718833,3
8000,top1%,ekfac,held-out,13,0.013208786665927619,0.0006908210925757885,3
8000,top1%,ekfac,held-out,14,0.022060155868530273,0.0004287410411052406,3
8000,top1%,ekfac,held-out,15,0.055577437102328986,0.0003646648256108165,3
8000,top1%,ekfac,held-out,16,0.013506491974112578,0.0010759534779936075,3
8000,top1%,ekfac,held-out,17,0.015381177265226142,0.0007876464514993131,3
8000,top1%,ekfac,held-out,18,0.015550533920759335,0.0010849150130525231,3
8000,top1%,ekfac,held-out,19,0.016151587187778205,0.0007201514672487974,3
8000,top1%,bm25,in-dist,0,0.013794281482696534,0.0010453354718232052,100
8000,top1%,bm25,in-dist,1,0.014445958137512207,0.0009042187924503893,100
8000,top1%,bm25,in-dist,2,0.009890642166137695,0.0012553257073440157,100
8000,top1%,bm25,in-dist,3,0.010803165435791016,0.0009516408245904929,100
8000,top1%,bm25,in-dist,4,0.008394808769226074,0.0012117289072139084,100
8000,top1%,bm25,in-dist,5,0.01395376682281494,0.001234469309157312,100
8000,top1%,bm25,in-dist,6,0.01091486930847168,0.0010040363874471863,100
8000,top1%,bm25,in-dist,7,0.009085922241210938,0.0012708710279892644,100
8000,top1%,bm25,in-dist,8,0.014028682708740234,0.001155041859091887,100
8000,top1%,bm25,in-dist,9,0.011020352840423584,0.0010048837786461302,100
8000,top1%,bm25,in-dist,10,0.012939119338989257,0.0011194911217338272,100
8000,top1%,bm25,in-dist,11,0.029906022548675536,0.0014099602556622165,100
8000,top1%,bm25,in-dist,12,0.01619584798812866,0.000907614625606445,100
8000,top1%,bm25,in-dist,13,0.015123772621154784,0.0015133833077999178,100
8000,top1%,bm25,in-dist,14,0.011982364654541016,0.0009672912096472646,100
8000,top1%,bm25,in-dist,15,0.009419400691986084,0.001819283320856632,100
8000,top1%,bm25,in-dist,16,0.010559277534484863,0.0009986561321074928,100
8000,top1%,bm25,in-dist,17,0.17438446044921874,0.0019555999703275923,100
8000,top1%,bm25,in-dist,18,0.02244422197341919,0.0014505408618618826,100
8000,top1%,bm25,in-dist,19,0.027924063205718993,0.002114517989095387,100
8000,top1%,bm25,held-out,0,0.012223482131958008,0.002297373255714774,3
8000,top1%,bm25,held-out,1,0.005200703933951445,5.428426811704412e-05,3
8000,top1%,bm25,held-out,2,0.008350372314453125,0.00046241324162110686,3
8000,top1%,bm25,held-out,3,0.012335459381574765,0.0011853744508698583,3
8000,top1%,bm25,held-out,4,0.016607125600785366,0.0011558803962543607,3
8000,top1%,bm25,held-out,5,0.006071964889997616,0.0006825572345405817,3
8000,top1%,bm25,held-out,6,0.009307543434260879,0.0007961045484989882,3
8000,top1%,bm25,held-out,7,0.00259963670396246,0.0007281849975697696,3
8000,top1%,bm25,held-out,8,0.007401307426334824,0.0008215284906327724,3
8000,top1%,bm25,held-out,9,0.010854880005354062,0.00018149986863136292,3
8000,top1%,bm25,held-out,10,0.013869285583496094,0.0003814033407252282,3
8000,top1%,bm25,held-out,11,0.005862553913175361,0.0012509241933003068,3
8000,top1%,bm25,held-out,12,0.03174153964209836,0.0003001958248205483,3
8000,top1%,bm25,held-out,13,0.008420387923251837,0.0006908210925757885,3
8000,top1%,bm25,held-out,14,0.01243265469383914,0.0004292040830478072,3
8000,top1%,bm25,held-out,15,0.03541151684476063,0.0003646648256108165,3
8000,top1%,bm25,held-out,16,0.004242499664542265,0.001075927633792162,3
8000,top1%,bm25,held-out,17,0.006335099536954658,0.0007876464514993131,3
8000,top1%,bm25,held-out,18,0.01172129312180914,0.001084480551071465,3
8000,top1%,bm25,held-out,19,0.007355372130405158,0.0007201514672487974,3
8000,top1%,magic,in-dist,0,0.0725942182543804,0.001050635357387364,100
8000,top1%,magic,in-dist,1,0.05092764139408246,0.0009087920770980418,100
8000,top1%,magic,in-dist,2,0.07305922269733856,0.0012616516323760152,100
8000,top1%,magic,in-dist,3,0.06312880753830541,0.0009564260835759342,100
8000,top1%,magic,in-dist,4,0.05916433810489252,0.0012179050827398896,100
8000,top1%,magic,in-dist,5,0.07135967491194606,0.001240564975887537,100
8000,top1%,magic,in-dist,6,0.055586240290722344,0.001009120256640017,100
8000,top1%,magic,in-dist,7,0.07024838923825882,0.001277279225178063,100
8000,top1%,magic,in-dist,8,0.05592084885574877,0.0011609317734837532,100
8000,top1%,magic,in-dist,9,0.056192276475485414,0.0010099669452756643,100
8000,top1%,magic,in-dist,10,0.06122305393364513,0.0011251283576712012,100
8000,top1%,magic,in-dist,11,0.08685427188174799,0.0014170935610309243,100
8000,top1%,magic,in-dist,12,0.04355587007012218,0.0009121902985498309,100
8000,top1%,magic,in-dist,13,0.047283625579439104,0.0015212275320664048,100
8000,top1%,magic,in-dist,14,0.05853514432965312,0.0009720661328174174,100
8000,top1%,magic,in-dist,15,0.05952691078709904,0.001828527427278459,100
8000,top1%,magic,in-dist,16,0.04485255479812622,0.0010036565363407135,100
8000,top1%,magic,in-dist,17,0.18904670479241759,0.0019653341732919216,100
8000,top1%,magic,in-dist,18,0.0785503411289028,0.0014579514972865582,100
8000,top1%,magic,in-dist,19,0.11060000420548022,0.002125290920957923,100
8000,top40,ekfac,in-dist,0,0.010164419807551894,0.0009758349624462426,3
8000,top40,ekfac,in-dist,1,0.012361288070678711,0.00034034359850920737,3
8000,top40,ekfac,in-dist,2,0.012710332870483398,4.9967893573921174e-05,3
8000,top40,ekfac,in-dist,3,0.009571631751896348,0.00041520700324326754,3
8000,top40,ekfac,in-dist,4,0.011701822280883789,0.00044305119081400335,3
8000,top40,ekfac,in-dist,5,0.01926191648817621,0.0007091313018463552,3
8000,top40,ekfac,in-dist,6,0.016715923964511603,0.0003915567940566689,3
8000,top40,ekfac,in-dist,7,0.02066485086834291,0.0008009875891730189,3
8000,top40,ekfac,in-dist,8,0.006109317124355584,0.00030827350565232337,3
8000,top40,ekfac,in-dist,9,0.016453266143798828,0.000759463757276535,3
8000,top40,ekfac,in-dist,10,0.014738480247615371,0.0006859077257104218,3
8000,top40,ekfac,in-dist,11,0.029311100661288947,0.001260228455066681,3
8000,top40,ekfac,in-dist,12,0.012701352447038516,0.00034378241980448365,3
8000,top40,ekfac,in-dist,13,0.006597757339477539,0.001745907124131918,3
8000,top40,ekfac,in-dist,14,0.00915837287902832,8.727683598408476e-05,3
8000,top40,ekfac,in-dist,15,0.008236964538809843,0.0014789266278967261,3
8000,top40,ekfac,in-dist,16,0.009824355423916131,0.0005810593720525503,3
8000,top40,ekfac,in-dist,17,0.16131393110845238,0.0016396654536947608,3
8000,top40,ekfac,in-dist,18,0.009355227142805234,0.00012137503654230386,3
8000,top40,ekfac,in-dist,19,0.018685420363908634,0.0002347764966543764,3
8000,top40,ekfac,held-out,0,0.01102121670555789,0.0017756785964593291,3
8000,top40,ekfac,held-out,1,0.00947133700537961,0.000158240320160985,3
8000,top40,ekfac,held-out,2,0.008363723754882812,0.0004530399164650589,3
8000,top40,ekfac,held-out,3,0.017812808364396915,0.0010511490982025862,3
8000,top40,ekfac,held-out,4,0.013594945266959257,0.0008833259344100952,3
8000,top40,ekfac,held-out,5,0.011068503052229062,0.0004905819077976048,3
8000,top40,ekfac,held-out,6,0.01042596498155035,0.0005638476577587426,3
8000,top40,ekfac,held-out,7,0.0066699981689453125,0.00034945333027280867,3
8000,top40,ekfac,held-out,8,0.007682164519792423,0.0005963045405223966,3
8000,top40,ekfac,held-out,9,0.011122941970825195,3.192673102603294e-05,3
8000,top40,ekfac,held-out,10,0.012417157486197539,0.0001944287505466491,3
8000,top40,ekfac,held-out,11,0.008841117221891182,0.0003352782514411956,3
8000,top40,ekfac,held-out,12,0.03054388365126215,8.729713590582833e-05,3
8000,top40,ekfac,held-out,13,0.007795572280883789,0.0004943389794789255,3
8000,top40,ekfac,held-out,14,0.013627211250422988,0.00047857456956990063,3
8000,top40,ekfac,held-out,15,0.03566519419337055,9.072017564903945e-05,3
8000,top40,ekfac,held-out,16,0.00666991870093625,0.00020516986842267215,3
8000,top40,ekfac,held-out,17,0.009059111296664923,0.0003931864339392632,3
8000,top40,ekfac,held-out,18,0.009785811105757602,0.0007390413084067404,3
8000,top40,ekfac,held-out,19,0.00973399481154047,0.0009812286589294672,3
8000,top40,bm25,in-dist,0,0.009557344913482667,0.0010453354718232052,100
8000,top40,bm25,in-dist,1,0.01005500316619873,0.0009042187924503893,100
8000,top40,bm25,in-dist,2,0.004509773254394531,0.0012553257073440157,100
8000,top40,bm25,in-dist,3,0.005903186798095703,0.0009516408245904929,100
8000,top40,bm25,in-dist,4,0.0066629362106323245,0.0012117289072139084,100
8000,top40,bm25,in-dist,5,0.008898816108703612,0.001234469309157312,100
8000,top40,bm25,in-dist,6,0.0061791610717773435,0.0010040363874471863,100
8000,top40,bm25,in-dist,7,0.0073681163787841794,0.0012708710279892644,100
8000,top40,bm25,in-dist,8,0.006771936416625977,0.001155041859091887,100
8000,top40,bm25,in-dist,9,0.0073000693321228025,0.0010048837786461302,100
8000,top40,bm25,in-dist,10,0.005406522750854492,0.0011194911217338272,100
8000,top40,bm25,in-dist,11,0.02497314214706421,0.0014099602556622165,100
8000,top40,bm25,in-dist,12,0.010463788509368896,0.000907614625606445,100
8000,top40,bm25,in-dist,13,0.011738228797912597,0.0015133833077999178,100
8000,top40,bm25,in-dist,14,0.005556983947753906,0.0009672912096472646,100
8000,top40,bm25,in-dist,15,0.005542476177215577,0.001819283320856632,100
8000,top40,bm25,in-dist,16,0.006844477653503418,0.0009986561321074928,100
8000,top40,bm25,in-dist,17,0.16167770385742186,0.0019555999703275923,100
8000,top40,bm25,in-dist,18,0.01834556818008423,0.0014505408618618826,100
8000,top40,bm25,in-dist,19,0.024925711154937743,0.002114517989095387,100
8000,top40,magic,in-dist,0,0.04989679654681822,0.0009763178532011807,3
8000,top40,magic,in-dist,1,0.03353683155728504,0.00034026935463771224,3
8000,top40,magic,in-dist,2,0.047904014587402344,4.9899019359145314e-05,3
8000,top40,magic,in-dist,3,0.04309352239215514,0.00041520700324326754,3
8000,top40,magic,in-dist,4,0.03597482043551281,0.00044255558168515563,3
8000,top40,magic,in-dist,5,0.04903952279710211,0.0007091467850841582,3
8000,top40,magic,in-dist,6,0.03395779925631359,0.0003918952133972198,3
8000,top40,magic,in-dist,7,0.04773886998736998,0.0008013509796001017,3
8000,top40,magic,in-dist,8,0.03623819351196289,0.00030832859920337796,3
8000,top40,magic,in-dist,9,0.03808053332613781,0.0007595265051349998,3
8000,top40,magic,in-dist,10,0.0393033822401776,0.0006861945148557425,3
8000,top40,magic,in-dist,11,0.05903363227844238,0.0012593755964189768,3
8000,top40,magic,in-dist,12,0.029103994369506836,0.00034350756322965026,3
8000,top40,magic,in-dist,13,0.029614686965942383,0.001745907124131918,3
8000,top40,magic,in-dist,14,0.033683061599731445,8.706392691237852e-05,3
8000,top40,magic,in-dist,15,0.0417085488588782,0.0014791713329032063,3
8000,top40,magic,in-dist,16,0.02752399444580078,0.0005809262511320412,3
8000,top40,magic,in-dist,17,0.15974934899713844,0.0016396205173805356,3
8000,top40,magic,in-dist,18,0.059036970138549805,0.00012095531565137208,3
8000,top40,magic,in-dist,19,0.08420284590101801,0.00023488287115469575,3
16000,top1%,ekfac,in-dist,0,0.028795528414775617,0.0009416589164175093,100
16000,top1%,ekfac,in-dist,1,0.032630164623697056,0.0011967866448685527,100
16000,top1%,ekfac,in-dist,2,0.05576720475801267,0.00129038468003273,100
16000,top1%,ekfac,in-dist,3,0.036504471296211705,0.0013472953578457236,100
16000,top1%,ekfac,in-dist,4,0.03370940446984605,0.0009879727149382234,100
16000,top1%,ekfac,in-dist,5,0.04762007950921543,0.0012182729551568627,100
16000,top1%,ekfac,in-dist,6,0.04275325775233796,0.0012178339529782534,100
16000,top1%,ekfac,in-dist,7,0.055159733281470835,0.001330654718913138,100
16000,top1%,ekfac,in-dist,8,0.038283798698103055,0.0010701832361519337,100
16000,top1%,ekfac,in-dist,9,0.04370557070069481,0.001103149726986885,100
16000,top1%,ekfac,in-dist,10,0.04812958001275547,0.0010818821610882878,100
16000,top1%,ekfac,in-dist,11,0.0781971764517948,0.0012942826142534614,100
16000,top1%,ekfac,in-dist,12,0.06623630999820307,0.0030040768906474113,100
16000,top1%,ekfac,in-dist,13,0.029783427715301514,0.0010230425978079438,100
16000,top1%,ekfac,in-dist,14,0.02387559413909912,0.0009286106214858592,100
16000,top1%,ekfac,in-dist,15,0.021881501670577563,0.0008516172529198229,100
16000,top1%,ekfac,in-dist,16,0.021672587405191734,0.0010599297238513827,100
16000,top1%,ekfac,in-dist,17,0.27642934321193025,0.002491891384124756,100
16000,top1%,ekfac,in-dist,18,0.030585703847464174,0.0009588808170519769,100
16000,top1%,ekfac,in-dist,19,0.04143392086552922,0.001183739397674799,100
16000,top1%,ekfac,held-out,0,0.02892533940030262,0.0001693828235147521,3
16000,top1%,ekfac,held-out,1,0.02655442555260379,0.0008166265324689448,3
16000,top1%,ekfac,held-out,2,0.016597986221313477,0.001428435673005879,3
16000,top1%,ekfac,held-out,3,0.03854926428175531,0.0002829253498930484,3
16000,top1%,ekfac,held-out,4,0.028436660766601562,0.0007428420358337462,3
16000,top1%,ekfac,held-out,5,0.028909047454362735,7.685378659516573e-05,3
16000,top1%,ekfac,held-out,6,0.020751953125,0.000409160100389272,3
16000,top1%,ekfac,held-out,7,0.015924930572509766,0.0007506595575250685,3
16000,top1%,ekfac,held-out,8,0.01767571767049958,0.00038966306601651013,3
16000,top1%,ekfac,held-out,9,0.029060443237540312,0.0007174601196311414,3
16000,top1%,ekfac,held-out,10,0.024741331741097383,0.0003215885953977704,3
16000,top1%,ekfac,held-out,11,0.02407677967858035,0.0004551885067485273,3
16000,top1%,ekfac,held-out,12,0.04949959119039704,0.0014199374709278345,3
16000,top1%,ekfac,held-out,13,0.017893075942993164,0.0014609047211706638,3
16000,top1%,ekfac,held-out,14,0.03208692869520746,0.0004647717287298292,3
16000,top1%,ekfac,held-out,15,0.08241550126695074,0.0009277284261770546,3
16000,top1%,ekfac,held-out,16,0.022226730980037246,3.643854506663047e-05,3
16000,top1%,ekfac,held-out,17,0.023835261672502384,0.00040754335350356996,3
16000,top1%,ekfac,held-out,18,0.023812135055777617,0.0007469675620086491,3
16000,top1%,ekfac,held-out,19,0.0324704647064209,0.000976462964899838,3
16000,top1%,bm25,in-dist,0,0.0219874858885305,0.0009416589164175093,100
16000,top1%,bm25,in-dist,1,0.021244246960122837,0.0011967866448685527,100
16000,top1%,bm25,in-dist,2,0.05015530824312009,0.00129038468003273,100
16000,top1%,bm25,in-dist,3,0.021546089643379673,0.0013472953578457236,100
16000,top1%,bm25,in-dist,4,0.020736095906613627,0.0009879727149382234,100
16000,top1%,bm25,in-dist,5,0.029750130168395117,0.0012182729551568627,100
16000,top1%,bm25,in-dist,6,0.023602523804584052,0.0012178339529782534,100
16000,top1%,bm25,in-dist,7,0.02839486359152943,0.001330654718913138,100
16000,top1%,bm25,in-dist,8,0.021130058768903837,0.0010701832361519337,100
16000,top1%,bm25,in-dist,9,0.023103344443370588,0.001103149726986885,100
16000,top1%,bm25,in-dist,10,0.031973144999938086,0.0010818821610882878,100
16000,top1%,bm25,in-dist,11,0.07714169740211219,0.0012942826142534614,100
16000,top1%,bm25,in-dist,12,0.06027036189334467,0.0030040768906474113,100
16000,top1%,bm25,in-dist,13,0.019962012767791748,0.0010230425978079438,100
16000,top1%,bm25,in-dist,14,0.01260387897491455,0.0009286106214858592,100
16000,top1%,bm25,in-dist,15,0.013553302283980884,0.0008516172529198229,100
16000,top1%,bm25,in-dist,16,0.011240820895181969,0.0010599297238513827,100
16000,top1%,bm25,in-dist,17,0.27124254702357575,0.002491891384124756,100
16000,top1%,bm25,in-dist,18,0.014576849935110658,0.0009588808170519769,100
16000,top1%,bm25,in-dist,19,0.01060711384343449,0.001183739397674799,100
16000,top1%,magic,in-dist,0,0.06485633850388695,0.0009416589164175093,100
16000,top1%,magic,in-dist,1,0.06255192756725592,0.0011967787286266685,100
16000,top1%,magic,in-dist,2,0.10837712525972165,0.001290391432121396,100
16000,top1%,magic,in-dist,3,0.09306643009767868,0.001347285695374012,100
16000,top1%,magic,in-dist,4,0.07516825199127197,0.000987980398349464,100
16000,top1%,magic,in-dist,5,0.08561709881178103,0.0012182720238342881,100
16000,top1%,magic,in-dist,6,0.07085138082766207,0.001217865152284503,100
16000,top1%,magic,in-dist,7,0.0981916451419238,0.0013306839391589165,100
16000,top1%,magic,in-dist,8,0.07375954628514592,0.001070189056918025,100
16000,top1%,magic,in-dist,9,0.07487902164575644,0.0011031441390514374,100
16000,top1%,magic,in-dist,10,0.08341719387681223,0.0010818337323144078,100
16000,top1%,magic,in-dist,11,0.10909430027822964,0.0012942668981850147,100
16000,top1%,magic,in-dist,12,0.08796153543516994,0.0030041011050343513,100
16000,top1%,magic,in-dist,13,0.07094140291155782,0.0010230197804048657,100
16000,top1%,magic,in-dist,14,0.06331722021423047,0.0009286658023484051,100
16000,top1%,magic,in-dist,15,0.0830660748470109,0.0008516838424839079,100
16000,top1%,magic,in-dist,16,0.05964504717849195,0.0010599454399198294,100
16000,top1%,magic,in-dist,17,0.2971591329551302,0.002491875784471631,100
16000,top1%,magic,in-dist,18,0.06413954019808443,0.0009588490356691182,100
16000,top1%,magic,in-dist,19,0.08744943380588666,0.0011837385827675462,100
16000,top1%,jina,in-dist,0,0.014223893484086148,0.0006664860411547124,3
16000,top1%,jina,in-dist,1,0.014470815658569336,0.001322346506640315,3
16000,top1%,jina,in-dist,2,0.03767236073326785,0.0006734149646945298,3
16000,top1%,jina,in-dist,3,0.01638992628431879,0.0005745031521655619,3
16000,top1%,jina,in-dist,4,0.012788375228410587,0.000828513060696423,3
16000,top1%,jina,in-dist,5,0.020526647567749023,0.0003527018416207284,3
16000,top1%,jina,in-dist,6,0.009282827377319336,0.0010509606217965484,3
16000,top1%,jina,in-dist,7,0.01228729885770008,0.0003040670999325812,3
16000,top1%,jina,in-dist,8,0.016396760940551758,0.000519182241987437,3
16000,top1%,jina,in-dist,9,0.008099635437247343,0.0003126881492789835,3
16000,top1%,jina,in-dist,10,0.014193058013916016,0.0006376985111273825,3
16000,top1%,jina,in-dist,11,0.05361366271972656,0.001384475501254201,3
16000,top1%,jina,in-dist,12,0.05145994829945266,0.0038985556457191706,3
16000,top1%,jina,in-dist,13,0.01010076203965582,0.00029073015321046114,3
16000,top1%,jina,in-dist,14,-0.0028492609853856266,0.0006627256516367197,3
16000,top1%,jina,in-dist,15,0.007762034714687616,0.0006284494884312153,3
16000,top1%,jina,in-dist,16,0.0034753481741063297,0.0007790816016495228,3
16000,top1%,jina,in-dist,17,0.0006626447138842195,0.0023750821128487587,3
16000,top1%,jina,in-dist,18,0.0012687047419603914,0.00010953260789392516,3
16000,top1%,jina,in-dist,19,0.0020875930786132812,0.0007182986591942608,3
16000,top40,ekfac,in-dist,0,0.015001694366219454,0.00039278072654269636,3
16000,top40,ekfac,in-dist,1,0.016523917511221953,0.000341471895808354,3
16000,top40,ekfac,in-dist,2,0.03692475954449037,0.0009023549500852823,3
16000,top40,ekfac,in-dist,3,0.021242856979370117,0.0003384584269952029,3
16000,top40,ekfac,in-dist,4,0.016691525786882266,7.141595415305346e-05,3
16000,top40,ekfac,in-dist,5,0.026611804962158203,0.000466476718429476,3
16000,top40,ekfac,in-dist,6,0.023938496909977403,0.0003444553876761347,3
16000,top40,ekfac,in-dist,7,0.030007282894075615,0.0006932632531970739,3
16000,top40,ekfac,in-dist,8,0.02018260955810547,0.00035480145015753806,3
16000,top40,ekfac,in-dist,9,0.0197692712135904,0.0005252365372143686,3
16000,top40,ekfac,in-dist,10,0.027126630156999454,0.00024131874670274556,3
16000,top40,ekfac,in-dist,11,0.044177611664053984,0.0005409269360825419,3
16000,top40,ekfac,in-dist,12,0.046033938648179173,0.0038284126203507185,3
16000,top40,ekfac,in-dist,13,0.01193420092749875,0.0003494379052426666,3
16000,top40,ekfac,in-dist,14,0.010216236114501953,0.0006685954285785556,3
16000,top40,ekfac,in-dist,15,0.006914297729963437,0.00034537375904619694,3
16000,top40,ekfac,in-dist,16,0.009333133697509766,0.00019808969227597117,3
16000,top40,ekfac,in-dist,17,0.11779944102454465,0.0014302798081189394,3
16000,top40,ekfac,in-dist,18,0.01041849453758914,0.0001158864761237055,3
16000,top40,ekfac,in-dist,19,0.01652566592383664,0.00022404108312912285,3
16000,top40,ekfac,held-out,0,0.013496081039193086,0.0001272988592972979,3
16000,top40,ekfac,held-out,1,0.009708166122436523,0.0010701522696763277,3
16000,top40,ekfac,held-out,2,0.006442705795052461,0.0002782914089038968,3
16000,top40,ekfac,held-out,3,0.017609914153581485,0.0002397202915744856,3
16000,top40,ekfac,held-out,4,0.0109194914548425,0.0004232312203384936,3
16000,top40,ekfac,held-out,5,0.009998877852922305,0.00034629940637387335,3
16000,top40,ekfac,held-out,6,0.00809931755065918,0.00044806653750129044,3
16000,top40,ekfac,held-out,7,0.006388584777596407,0.00044886895921081305,3
16000,top40,ekfac,held-out,8,0.006334861114737578,0.0003179904306307435,3
16000,top40,ekfac,held-out,9,0.012612581253051758,0.00036821485264226794,3
16000,top40,ekfac,held-out,10,0.008837143577693496,0.00037868026993237436,3
16000,top40,ekfac,held-out,11,0.00951830546000565,0.00043339779949747026,3
16000,top40,ekfac,held-out,12,0.031205336257698946,0.0003361205162946135,3
16000,top40,ekfac,held-out,13,0.00710447629353439,0.00046030725934542716,3
16000,top40,ekfac,held-out,14,0.015353838600276504,0.0005423050606623292,3
16000,top40,ekfac,held-out,15,0.029248476028442383,0.00012808736937586218,3
16000,top40,ekfac,held-out,16,0.008524497352482285,0.00017860055959317833,3
16000,top40,ekfac,held-out,17,0.00934743881225586,0.00012588569370564073,3
16000,top40,ekfac,held-out,18,0.009318828582763672,0.00010554675100138411,3
16000,top40,ekfac,held-out,19,0.011556863784790039,0.0005646267090924084,3
16000,top40,bm25,in-dist,0,0.015669981643441133,0.00039278072654269636,3
16000,top40,bm25,in-dist,1,0.013709624603507109,0.000341471895808354,3
16000,top40,bm25,in-dist,2,0.03390041986858705,0.0009023549500852823,3
16000,top40,bm25,in-dist,3,0.01357269287109375,0.0003384584269952029,3
16000,top40,bm25,in-dist,4,0.0137058099207934,7.141595415305346e-05,3
16000,top40,bm25,in-dist,5,0.0201413631439209,0.000466476718429476,3
16000,top40,bm25,in-dist,6,0.013896067939640488,0.0003444553876761347,3
16000,top40,bm25,in-dist,7,0.019328991573274834,0.0006932632531970739,3
16000,top40,bm25,in-dist,8,0.013228893280029297,0.00035480145015753806,3
16000,top40,bm25,in-dist,9,0.013622363407193916,0.0005252365372143686,3
16000,top40,bm25,in-dist,10,0.020829757064348087,0.00024131874670274556,3
16000,top40,bm25,in-dist,11,0.05775578816246707,0.0005409269360825419,3
16000,top40,bm25,in-dist,12,0.04406078648753464,0.0038284126203507185,3
16000,top40,bm25,in-dist,13,0.010807434722664766,0.0003494379052426666,3
16000,top40,bm25,in-dist,14,0.00331878662109375,0.0006685954285785556,3
16000,top40,bm25,in-dist,15,0.007419268280500546,0.00034537375904619694,3
16000,top40,bm25,in-dist,16,0.004076957702636719,0.00019808969227597117,3
16000,top40,bm25,in-dist,17,0.11826507250953,0.0014302798081189394,3
16000,top40,bm25,in-dist,18,0.005228837326285429,0.0001158864761237055,3
16000,top40,bm25,in-dist,19,0.0006255308835534379,0.00022404108312912285,3
16000,top40,magic,in-dist,0,0.02773594856262207,0.0003922930627595633,3
16000,top40,magic,in-dist,1,0.026877880096435547,0.0003419583954382688,3
16000,top40,magic,in-dist,2,0.05129861831665039,0.0009026351035572588,3
16000,top40,magic,in-dist,3,0.04024116198706906,0.00033842812990769744,3
16000,top40,magic,in-dist,4,0.029410918563371524,7.14815832907334e-05,3
16000,top40,magic,in-dist,5,0.039606650672794785,0.0004667457833420485,3
16000,top40,magic,in-dist,6,0.03067151705181459,0.00034387054620310664,3
16000,top40,magic,in-dist,7,0.04515647888183594,0.0006932165706530213,3
16000,top40,magic,in-dist,8,0.029545307159423828,0.0003552263951860368,3
16000,top40,magic,in-dist,9,0.032553911209106445,0.000525047944393009,3
16000,top40,magic,in-dist,10,0.039705197006696835,0.00024020837736316025,3
16000,top40,magic,in-dist,11,0.06280859310936648,0.0005434128688648343,3
16000,top40,magic,in-dist,12,0.052454233169555664,0.003828039625659585,3
16000,top40,magic,in-dist,13,0.03035465876746457,0.0003488774527795613,3
16000,top40,magic,in-dist,14,0.02293340364121832,0.0006684893742203712,3
16000,top40,magic,in-dist,15,0.0480686028895434,0.00034472139668650925,3
16000,top40,magic,in-dist,16,0.02081449826800963,0.0001982439134735614,3
16000,top40,magic,in-dist,17,0.13169415791344363,0.0014304171781986952,3
16000,top40,magic,in-dist,18,0.022382259368896484,0.00011676743451971561,3
16000,top40,magic,in-dist,19,0.03758875529456418,0.00022404108312912285,3
16000,top40,jina,in-dist,0,0.011312246322631836,0.0003922930627595633,3
16000,top40,jina,in-dist,1,0.009356498718261719,0.0003419583954382688,3
16000,top40,jina,in-dist,2,0.03165483474731445,0.0009023367892950773,3
16000,top40,jina,in-dist,3,0.009317715957877226,0.0003383127332199365,3
16000,top40,jina,in-dist,4,0.009157021850114688,7.14815832907334e-05,3
16000,top40,jina,in-dist,5,0.011658668518066406,0.00046652264427393675,3
16000,top40,jina,in-dist,6,0.002351442970393691,0.00034387054620310664,3
16000,top40,jina,in-dist,7,0.0039745966605551075,0.0006934282137081027,3
16000,top40,jina,in-dist,8,0.011912345886230469,0.0003545766812749207,3
16000,top40,jina,in-dist,9,0.0035571257285482716,0.000525181123521179,3
16000,top40,jina,in-dist,10,0.014036893844604492,0.00024075849796645343,3
16000,top40,jina,in-dist,11,0.04261946678161621,0.0005431430763565004,3
16000,top40,jina,in-dist,12,0.04814235377125442,0.0038282095920294523,3
16000,top40,jina,in-dist,13,0.0058557192533044145,0.0003488774527795613,3
16000,top40,jina,in-dist,14,-0.002949953079223633,0.0006690280279144645,3
16000,top40,jina,in-dist,15,0.0041010379791259766,0.00034498798777349293,3
16000,top40,jina,in-dist,16,0.0011494159698486328,0.00019808969227597117,3
16000,top40,jina,in-dist,17,-0.000967184707405977,0.0014304171781986952,3
16000,top40,jina,in-dist,18,0.0010565916745690629,0.00011655629350570962,3
16000,top40,jina,in-dist,19,-0.0015291372983483598,0.00022423344489652663,3
32000,top1%,ekfac,in-dist,0,0.04527896165382117,0.0009521422907710075,100
32000,top1%,ekfac,in-dist,1,0.04154544830089435,0.0010295495158061385,100
32000,top1%,ekfac,in-dist,2,0.06480026245117188,0.0015242076478898525,100
32000,top1%,ekfac,in-dist,3,0.05254341363615822,0.0011426381533965468,100
32000,top1%,ekfac,in-dist,4,0.04409486771328375,0.001018639886751771,100
32000,top1%,ekfac,in-dist,5,0.06556909321807325,0.001469694427214563,100
32000,top1%,ekfac,in-dist,6,0.05653517245082185,0.0010607375297695398,100
32000,top1%,ekfac,in-dist,7,0.06383980752434582,0.0012989516835659742,100
32000,top1%,ekfac,in-dist,8,0.04647149323136546,0.001050451654009521,100
32000,top1%,ekfac,in-dist,9,0.05649951934174169,0.001080976682715118,100
32000,top1%,ekfac,in-dist,10,0.060951592924539,0.0013257007813081145,100
32000,top1%,ekfac,in-dist,11,0.08603649854194373,0.001307954895310104,100
32000,top1%,ekfac,in-dist,12,0.0759159207373159,0.0017829799326136708,100
32000,top1%,ekfac,in-dist,13,0.03376609564293176,0.0009871264919638634,100
32000,top1%,ekfac,in-dist,14,0.03866802692937199,0.0009534424170851707,100
32000,top1%,ekfac,in-dist,15,0.035614290231023915,0.0009945171186700463,100
32000,top1%,ekfac,in-dist,16,0.03393063784460537,0.0011173677630722523,100
32000,top1%,ekfac,in-dist,17,0.05816473960294388,0.001004900666885078,100
32000,top1%,ekfac,in-dist,18,0.045369782448688056,0.0008676191209815443,100
32000,top1%,ekfac,in-dist,19,0.060696499349433,0.0012208307161927223,100
32000,top1%,ekfac,held-out,0,0.039266347885131836,0.0005864848499186337,3
32000,top1%,ekfac,held-out,1,0.04571104049682617,0.0019844109192490578,3
32000,top1%,ekfac,held-out,2,0.04174455006796052,0.001644208445213735,3
32000,top1%,ekfac,held-out,3,0.05174009004258551,0.00017160446441266686,3
32000,top1%,ekfac,held-out,4,0.0416414737701416,0.00022247800370678306,3
32000,top1%,ekfac,held-out,5,0.03471668561178376,0.0007976528722792864,3
32000,top1%,ekfac,held-out,6,0.029462575912475586,0.0010370661038905382,3
32000,top1%,ekfac,held-out,7,0.0256878535146825,0.0005762785440310836,3
32000,top1%,ekfac,held-out,8,0.02886033058166504,7.660956907784566e-05,3
32000,top1%,ekfac,held-out,9,0.04088091850280762,0.001945437747053802,3
32000,top1%,ekfac,held-out,10,0.03717446327209473,0.0016843285411596298,3
32000,top1%,ekfac,held-out,11,0.034419457078911364,0.000896600482519716,3
32000,top1%,ekfac,held-out,12,0.057158708572387695,0.0009207522380165756,3
32000,top1%,ekfac,held-out,13,0.02886001270962879,0.000639364356175065,3
32000,top1%,ekfac,held-out,14,0.038641929626464844,0.0006556531880050898,3
32000,top1%,ekfac,held-out,15,0.07887442907667719,0.0005655896966345608,3
32000,top1%,ekfac,held-out,16,0.032071590423583984,0.0005389455473050475,3
32000,top1%,ekfac,held-out,17,0.03352348010230344,0.0008036555373109877,3
32000,top1%,ekfac,held-out,18,0.032065629959106445,0.0007545254193246365,3
32000,top1%,ekfac,held-out,19,0.03605063757277094,0.0019427543738856912,3
32000,top1%,bm25,in-dist,0,0.026998217101208866,0.0009521422907710075,100
32000,top1%,bm25,in-dist,1,0.025966701505240053,0.0010295495158061385,100
32000,top1%,bm25,in-dist,2,0.04367351531982422,0.0015242076478898525,100
32000,top1%,bm25,in-dist,3,0.022227776047657244,0.0011426381533965468,100
32000,top1%,bm25,in-dist,4,0.017141170508693904,0.001018639886751771,100
32000,top1%,bm25,in-dist,5,0.028153827181085944,0.001469694427214563,100
32000,top1%,bm25,in-dist,6,0.025170547962188716,0.0010553609578896467,100
32000,top1%,bm25,in-dist,7,0.022187128067016608,0.0012923822066846346,100
32000,top1%,bm25,in-dist,8,0.02365698097855784,0.001050451654009521,100
32000,top1%,bm25,in-dist,9,0.01761249541596044,0.001080976682715118,100
32000,top1%,bm25,in-dist,10,0.03061998129123822,0.0013257007813081145,100
32000,top1%,bm25,in-dist,11,0.08074217557441443,0.001307954895310104,100
32000,top1%,bm25,in-dist,12,0.05688558817200828,0.0017829799326136708,100
32000,top1%,bm25,in-dist,13,0.021845405106432736,0.0009871264919638634,100
32000,top1%,bm25,in-dist,14,0.016833176618092693,0.0009534424170851707,100
32000,top1%,bm25,in-dist,15,0.017941274636541493,0.0009945171186700463,100
32000,top1%,bm25,in-dist,16,0.015773155697388574,0.0011173677630722523,100
32000,top1%,bm25,in-dist,17,0.3160404205264058,0.001004900666885078,100
32000,top1%,bm25,in-dist,18,0.014807620049396064,0.0008676191209815443,100
32000,top1%,bm25,in-dist,19,0.017858402730780654,0.0012208307161927223,100
32000,top1%,magic,in-dist,0,0.08006304025184363,0.0009521422907710075,100
32000,top1%,magic,in-dist,1,0.08205133437877521,0.0010295495158061385,100
32000,top1%,magic,in-dist,2,0.11447715759277344,0.0015242076478898525,100
32000,top1%,magic,in-dist,3,0.0947315812081797,0.0011426381533965468,100
32000,top1%,magic,in-dist,4,0.08967120171291754,0.001018639886751771,100
32000,top1%,magic,in-dist,5,0.11295955418609083,0.001469694427214563,100
32000,top1%,magic,in-dist,6,0.09402482508448884,0.0010607375297695398,100
32000,top1%,magic,in-dist,7,0.10790623666252941,0.0012989516835659742,100
32000,top1%,magic,in-dist,8,0.1046301293245051,0.001050451654009521,100
32000,top1%,magic,in-dist,9,0.09456376075104345,0.001080976682715118,100
32000,top1%,magic,in-dist,10,0.09802234411472455,0.0013257007813081145,100
32000,top1%,magic,in-dist,11,0.13546138524543494,0.001307954895310104,100
32000,top1%,magic,in-dist,12,0.10832320452027488,0.0017829799326136708,100
32000,top1%,magic,in-dist,13,0.08880597830284387,0.0009871264919638634,100
32000,top1%,magic,in-dist,14,0.08165894985722844,0.0009534424170851707,100
32000,top1%,magic,in-dist,15,0.09027413367584813,0.0009945171186700463,100
32000,top1%,magic,in-dist,16,0.07514248133520596,0.0011173677630722523,100
32000,top1%,magic,in-dist,17,0.08126296996488236,0.001004900666885078,100
32000,top1%,magic,in-dist,18,0.08623138904658845,0.0008676191209815443,100
32000,top1%,magic,in-dist,19,0.13093604326422792,0.0012208307161927223,100
32000,top40,ekfac,in-dist,0,0.01652948061382631,0.0003827134787570685,3
32000,top40,ekfac,in-dist,1,0.014427979796892032,0.0008723240462131798,3
32000,top40,ekfac,in-dist,2,0.03228839239454828,0.0003958064771723002,3
32000,top40,ekfac,in-dist,3,0.018700122833251953,0.0004077104676980525,3
32000,top40,ekfac,in-dist,4,0.015333573028328829,0.00017951532208826393,3
32000,top40,ekfac,in-dist,5,0.023493289947509766,0.0002546472242102027,3
32000,top40,ekfac,in-dist,6,0.019505023956298828,0.00017809070413932204,3
32000,top40,ekfac,in-dist,7,0.022745688755094307,0.00024950949591584504,3
32000,top40,ekfac,in-dist,8,0.013437032699584961,8.660832099849358e-05,3
32000,top40,ekfac,in-dist,9,0.01658638318622252,0.0002604744804557413,3
32000,top40,ekfac,in-dist,10,0.02098679542541504,4.298151907278225e-06,3
32000,top40,ekfac,in-dist,11,0.042166550949332304,0.0007361668394878507,3
32000,top40,ekfac,in-dist,12,0.04307913780212402,0.0005873558111488819,3
32000,top40,ekfac,in-dist,13,0.010219653449894395,0.00040328287286683917,3
32000,top40,ekfac,in-dist,14,0.011556784316780977,0.0002991295768879354,3
32000,top40,ekfac,in-dist,15,0.006738344818586484,0.00048739268095232546,3
32000,top40,ekfac,in-dist,16,0.007376909255981445,0.00016389053780585527,3
32000,top40,ekfac,in-dist,17,0.011155446380143985,0.00028947339160367846,3
32000,top40,ekfac,in-dist,18,0.012556393940940325,0.00018403789727017283,3
32000,top40,ekfac,in-dist,19,0.013299942016601562,0.0006122582126408815,3
32000,top40,ekfac,held-out,0,0.011447985967606655,0.0001955115731107071,3
32000,top40,ekfac,held-out,1,0.010774850845336914,0.0003837934054899961,3
32000,top40,ekfac,held-out,2,0.010420163482194766,0.00012279930524528027,3
32000,top40,ekfac,held-out,3,0.01718433698260924,6.222876982064918e-05,3
32000,top40,ekfac,held-out,4,0.01179655392843415,9.272071474697441e-05,3
32000,top40,ekfac,held-out,5,0.006954590480745537,0.00026312971021980047,3
32000,top40,ekfac,held-out,6,0.006257534027099609,0.0005123462178744376,3
32000,top40,ekfac,held-out,7,0.006747722625732422,0.00024033976660575718,3
32000,top40,ekfac,held-out,8,0.005901336669921875,0.0002966815372928977,3
32000,top40,ekfac,held-out,9,0.012444655098079238,0.00017418747302144766,3
32000,top40,ekfac,held-out,10,0.008989016219857149,0.0002975599782075733,3
32000,top40,ekfac,held-out,11,0.009193658828735352,7.597888179589063e-05,3
32000,top40,ekfac,held-out,12,0.027252912521362305,0.00012905054609291255,3
32000,top40,ekfac,held-out,13,0.006891886398079805,6.839510751888156e-05,3
32000,top40,ekfac,held-out,14,0.00978867213416379,0.0003548309614416212,3
32000,top40,ekfac,held-out,15,0.01766236624098383,8.46054608700797e-05,3
32000,top40,ekfac,held-out,16,0.007848739624023438,0.00014294619904831052,3
32000,top40,ekfac,held-out,17,0.008067766815656796,0.00024605149519629776,3
32000,top40,ekfac,held-out,18,0.007855335868953262,0.0005238461308181286,3
32000,top40,ekfac,held-out,19,0.008004029590665596,0.0005434915074147284,3
32000,top40,bm25,in-dist,0,0.01460175037384033,0.000947385787190548,100
32000,top40,bm25,in-dist,1,0.011845569610595698,0.001024415299064759,100
32000,top40,bm25,in-dist,2,0.026790027618408204,0.001516547841946704,100
32000,top40,bm25,in-dist,3,0.012583949565887454,0.0011369555343146297,100
32000,top40,bm25,in-dist,4,0.011160333156585685,0.0010134451982538257,100
32000,top40,bm25,in-dist,5,0.02013813018798827,0.0014622351860648266,100
32000,top40,bm25,in-dist,6,0.012320024967193598,0.0010553609578896467,100
32000,top40,bm25,in-dist,7,0.015086784362792973,0.0012923822066846346,100
32000,top40,bm25,in-dist,8,0.011259372234344468,0.001045264770081595,100
32000,top40,bm25,in-dist,9,0.009893929958343503,0.001075698556580766,100
32000,top40,bm25,in-dist,10,0.016955485343933107,0.0013190204975943617,100
32000,top40,bm25,in-dist,11,0.046096570491790764,0.0013015548062538305,100
32000,top40,bm25,in-dist,12,0.03642309188842774,0.0017740096608184453,100
32000,top40,bm25,in-dist,13,0.011126811504364006,0.000982176209266389,100
32000,top40,bm25,in-dist,14,0.0031542253494262623,0.000948811314635026,100
32000,top40,bm25,in-dist,15,0.004712893962860098,0.0009895220695316385,100
32000,top40,bm25,in-dist,16,0.0051597833633422715,0.0011117817471348263,100
32000,top40,bm25,in-dist,17,0.006413834095001204,0.000999884449999725,100
32000,top40,bm25,in-dist,18,0.0034527564048767076,0.0008630853614788129,100
32000,top40,bm25,in-dist,19,0.0012843275070190373,0.00121453019906516,100
32000,top40,magic,in-dist,0,0.025757551193237305,0.0003831317590083927,3
32000,top40,magic,in-dist,1,0.0218961238861084,0.000872692558914423,3
32000,top40,magic,in-dist,2,0.0440181891026441,0.0003949207894038409,3
32000,top40,magic,in-dist,3,0.026244004567161028,0.00040667783468961716,3
32000,top40,magic,in-dist,4,0.01696459452068666,0.00042268543620593846,3
32000,top40,magic,in-dist,5,0.03201484680175781,0.00018128781812265515,3
32000,top40,magic,in-dist,6,0.02661315600562375,0.00017749080143403262,3
32000,top40,magic,in-dist,7,0.032727877300203545,0.00024994483101181686,3
32000,top40,magic,in-dist,8,0.026696125667513115,8.507145685143769e-05,3
32000,top40,magic,in-dist,9,0.02670129140460631,0.00026024130056612194,3
32000,top40,magic,in-dist,10,0.027749141057938687,4.145559159951517e-06,3
32000,top40,magic,in-dist,11,0.051632324859383516,0.0007366498466581106,3
32000,top40,magic,in-dist,12,0.04951993624354145,0.0005872129113413393,3
32000,top40,magic,in-dist,13,0.02492491403972963,0.0004034550511278212,3
32000,top40,magic,in-dist,14,0.019077380493399687,0.00029960236861370504,3
32000,top40,magic,in-dist,15,0.028624773025512695,0.0004872098215855658,3
32000,top40,magic,in-dist,16,0.015624920517439023,0.0001640209520701319,3
32000,top40,magic,in-dist,17,0.023920059204101562,0.0002898496459238231,3
32000,top40,magic,in-dist,18,0.018542607625022356,0.00018437979451846331,3
32000,top40,magic,in-dist,19,0.03136595091200434,0.0006121071055531502,3
64000,top1%,ekfac,in-dist,0,0.08323039054870605,0.0030401810302251495,100
64000,top1%,ekfac,in-dist,1,0.11827862739562989,0.0061725642705907,100
64000,top1%,ekfac,in-dist,2,0.14726634740829467,0.00828987495891561,100
64000,top1%,ekfac,in-dist,3,0.11796047687530517,0.0010452053723580125,100
64000,top1%,ekfac,in-dist,4,0.10888736963272094,0.00447211658041125,100
64000,top1%,ekfac,in-dist,5,0.168260338306427,0.0067909907508674735,100
64000,top1%,ekfac,in-dist,6,0.1291490936279297,0.0016368730099730244,100
64000,top1%,ekfac,in-dist,7,0.16120777368545533,0.006394838966143695,100
64000,top1%,ekfac,in-dist,8,0.1128639268875122,0.0027637659580937997,100
64000,top1%,ekfac,in-dist,9,0.1469702196121216,0.0013584561685709687,100
64000,top1%,ekfac,in-dist,10,0.1475048542022705,0.005169824356445233,100
64000,top1%,ekfac,in-dist,11,0.1434239077568054,0.0008999027777587221,100
64000,top1%,ekfac,in-dist,12,0.13435870170593261,0.00387265924712441,100
64000,top1%,ekfac,in-dist,13,0.07262511491775513,0.0032606591317452947,100
64000,top1%,ekfac,in-dist,14,0.0972753667831421,0.0007071806604495907,100
64000,top1%,ekfac,in-dist,15,0.081325364112854,0.0007454715950597334,100
64000,top1%,ekfac,in-dist,16,0.09208839178085328,0.005507618743786875,100
64000,top1%,ekfac,in-dist,17,0.11543338775634765,0.0006775628795813861,100
64000,top1%,ekfac,in-dist,18,0.13066965579986572,0.0016606620011734073,100
64000,top1%,ekfac,in-dist,19,0.15642555475234984,0.010927015790501121,100
64000,top1%,ekfac,held-out,0,0.03880063691758551,0.00018428264593239874,3
64000,top1%,ekfac,held-out,1,0.03959854444110533,0.0009232264710590243,3
64000,top1%,ekfac,held-out,2,0.029845396677046665,0.0007882702630013227,3
64000,top1%,ekfac,held-out,3,0.05318109193467535,0.0004034732992295176,3
64000,top1%,ekfac,held-out,4,0.04406150181603152,0.0005728753167204559,3
64000,top1%,ekfac,held-out,5,0.035054127394687384,0.00014123888104222715,3
64000,top1%,ekfac,held-out,6,0.03679656982421875,0.0007092424784786999,3
64000,top1%,ekfac,held-out,7,0.02881113687180914,0.0010868619428947568,3
64000,top1%,ekfac,held-out,8,0.02944175402444671,0.0004882589273620397,3
64000,top1%,ekfac,held-out,9,0.04244081178330816,0.0007147131254896522,3
64000,top1%,ekfac,held-out,10,0.03786428768944461,0.0005489628529176116,3
64000,top1%,ekfac,held-out,11,0.04183673858642578,0.0008092711796052754,3
64000,top1%,ekfac,held-out,12,0.06354729342274368,0.0059542409144341946,3
64000,top1%,ekfac,held-out,13,0.03284716606140137,0.0005787755944766104,3
64000,top1%,ekfac,held-out,14,0.04120063781738281,0.00027067598421126604,3
64000,top1%,ekfac,held-out,15,0.0783778031473048,0.0007862598286010325,3
64000,top1%,ekfac,held-out,16,0.03547819456434809,0.0006287300493568182,3
64000,top1%,ekfac,held-out,17,0.03545053799462039,0.0007480058120563626,3
64000,top1%,ekfac,held-out,18,0.03597148257540539,0.00063324038637802,3
64000,top1%,ekfac,held-out,19,0.039511362701887265,0.0010909510310739279,3
64000,top1%,bm25,in-dist,0,0.06352986335754394,0.0030401810302251495,100
64000,top1%,bm25,in-dist,1,0.09628737449645997,0.0061725642705907,100
64000,top1%,bm25,in-dist,2,0.13046475172042846,0.00828987495891561,100
64000,top1%,bm25,in-dist,3,0.08794214725494384,0.0010452053723580125,100
64000,top1%,bm25,in-dist,4,0.08653348207473754,0.00447211658041125,100
64000,top1%,bm25,in-dist,5,0.1348137879371643,0.0067909907508674735,100
64000,top1%,bm25,in-dist,6,0.09789599418640137,0.0016368730099730244,100
64000,top1%,bm25,in-dist,7,0.12225852251052856,0.006394838966143695,100
64000,top1%,bm25,in-dist,8,0.08445611476898193,0.0027637659580937997,100
64000,top1%,bm25,in-dist,9,0.10979051113128663,0.0013584561685709687,100
64000,top1%,bm25,in-dist,10,0.11960487365722657,0.005169824356445233,100
64000,top1%,bm25,in-dist,11,0.13496004819869994,0.0008999027777587221,100
64000,top1%,bm25,in-dist,12,0.11374550819396972,0.00387265924712441,100
64000,top1%,bm25,in-dist,13,0.0585824990272522,0.0032606591317452947,100
64000,top1%,bm25,in-dist,14,0.07751404285430909,0.0007071806604495907,100
64000,top1%,bm25,in-dist,15,0.06433827877044677,0.0007454715950597334,100
64000,top1%,bm25,in-dist,16,0.07317726850509644,0.005507618743786875,100
64000,top1%,bm25,in-dist,17,0.3687104511260986,0.0006775628795813861,100
64000,top1%,bm25,in-dist,18,0.10104686260223389,0.0016606620011734073,100
64000,top1%,bm25,in-dist,19,0.12092669725418091,0.010927015790501121,100
64000,top1%,magic,in-dist,0,0.1167693471943494,0.003055540844798088,100
64000,top1%,magic,in-dist,1,0.1515130114275962,0.006203567609190941,100
64000,top1%,magic,in-dist,2,0.18741077661979944,0.008331695571541786,100
64000,top1%,magic,in-dist,3,0.15344388008088572,0.001050526276230812,100
64000,top1%,magic,in-dist,4,0.1475898075150326,0.004494660533964634,100
64000,top1%,magic,in-dist,5,0.2124092769518029,0.006825118791311979,100
64000,top1%,magic,in-dist,6,0.16731557845923817,0.001645150943659246,100
64000,top1%,magic,in-dist,7,0.20195565462112428,0.006394838966143695,100
64000,top1%,magic,in-dist,8,0.15860620021820068,0.0027637659580937997,100
64000,top1%,magic,in-dist,9,0.17870778560638428,0.0013584561685709687,100
64000,top1%,magic,in-dist,10,0.1811671733856201,0.005169824356445233,100
64000,top1%,magic,in-dist,11,0.18526756048202514,0.0008999027777587221,100
64000,top1%,magic,in-dist,12,0.16445737838745117,0.00387265924712441,100
64000,top1%,magic,in-dist,13,0.12904305696487428,0.0032606591317452947,100
64000,top1%,magic,in-dist,14,0.14002141237142496,0.000710825202986598,100
64000,top1%,magic,in-dist,15,0.13965710639604367,0.0007491615833714604,100
64000,top1%,magic,in-dist,16,0.13270945787371602,0.005535537376999855,100
64000,top1%,magic,in-dist,17,0.14245999098056927,0.0006811189232394099,100
64000,top1%,magic,in-dist,18,0.17127824545605108,0.0016691247001290321,100
64000,top1%,magic,in-dist,19,0.21403285977430642,0.010982009582221508,100
64000,top40,ekfac,in-dist,0,0.04720465341961244,0.00014488208398688585,3
64000,top40,ekfac,in-dist,1,0.08145984013867746,0.00024739099899306893,3
64000,top40,ekfac,in-dist,2,0.10422285397726228,0.0001428334799129516,3
64000,top40,ekfac,in-dist,3,0.07432889938354492,0.00010070158168673515,3
64000,top40,ekfac,in-dist,4,0.07719548543536803,0.00010624813148751855,3
64000,top40,ekfac,in-dist,5,0.12002706527709961,0.0003385566524229944,3
64000,top40,ekfac,in-dist,6,0.08493860562612099,2.8268776077311486e-05,3
64000,top40,ekfac,in-dist,7,0.1130930582730798,0.0002765193348750472,3
64000,top40,ekfac,in-dist,8,0.07163961728656432,9.941177995642647e-05,3
64000,top40,ekfac,in-dist,9,0.10070339839148801,9.016426338348538e-05,3
64000,top40,ekfac,in-dist,10,0.1027747790030844,3.057836147490889e-05,3
64000,top40,ekfac,in-dist,11,0.07908312480140012,0.00021539760928135365,3
64000,top40,ekfac,in-dist,12,0.09565456708151032,0.00010957955964840949,3
64000,top40,ekfac,in-dist,13,0.04193385442340514,0.00020504584244918078,3
64000,top40,ekfac,in-dist,14,0.06750639279562165,0.00024062239390332252,3
64000,top40,ekfac,in-dist,15,0.051122029621183174,0.00020740942272823304,3
64000,top40,ekfac,in-dist,16,0.062297900517705784,0.00019913108553737402,3
64000,top40,ekfac,in-dist,17,0.059208710988059465,0.00015497030108235776,3
64000,top40,ekfac,in-dist,18,0.08839170137798646,0.00023608886112924665,3
64000,top40,ekfac,in-dist,19,0.10301423072814941,0.0003546574735082686,3
64000,top40,ekfac,held-out,0,0.00919834773230832,0.00017707012011669576,3
64000,top40,ekfac,held-out,1,0.005256732300040312,0.00020211572700645775,3
64000,top40,ekfac,held-out,2,0.005305767059326172,0.00010191187902819365,3
64000,top40,ekfac,held-out,3,0.012511332824942656,3.309670137241483e-05,3
64000,top40,ekfac,held-out,4,0.007198890052677598,0.00012428019545041025,3
64000,top40,ekfac,held-out,5,0.004004398982942803,0.00015893943782430142,3
64000,top40,ekfac,held-out,6,0.003445704780460801,7.247388566611335e-05,3
64000,top40,ekfac,held-out,7,0.003993113836258999,0.00016911295824684203,3
64000,top40,ekfac,held-out,8,0.0035734176635742188,0.0003967536613345146,3
64000,top40,ekfac,held-out,9,0.00650159517681459,0.00015950297529343516,3
64000,top40,ekfac,held-out,10,0.007337093353271484,0.00010802256292663515,3
64000,top40,ekfac,held-out,11,0.006861050926090684,0.0002795291366055608,3
64000,top40,ekfac,held-out,12,0.03005528450012207,0.00020876170310657471,3
64000,top40,ekfac,held-out,13,0.005407015487435274,0.00017122724966611713,3
64000,top40,ekfac,held-out,14,0.007429440815940325,0.00020753982244059443,3
64000,top40,ekfac,held-out,15,0.01417462031076866,0.0001112925456254743,3
64000,top40,ekfac,held-out,16,0.005518198013305664,0.00021983394981361926,3
64000,top40,ekfac,held-out,17,0.0064388910941488575,0.0002124541497323662,3
64000,top40,ekfac,held-out,18,0.004930337272526231,7.00440868968144e-05,3
64000,top40,ekfac,held-out,19,0.00502777099609375,5.4428928706329316e-05,3
64000,top40,bm25,in-dist,0,0.04879702568054199,0.0030401810302251495,100
64000,top40,bm25,in-dist,1,0.07915461540222168,0.0061725642705907,100
64000,top40,bm25,in-dist,2,0.10337730169296265,0.00828987495891561,100
64000,top40,bm25,in-dist,3,0.07086899280548095,0.0010452053723580125,100
64000,top40,bm25,in-dist,4,0.0758153748512268,0.00447211658041125,100
64000,top40,bm25,in-dist,5,0.1198129677772522,0.0067909907508674735,100
64000,top40,bm25,in-dist,6,0.0829318904876709,0.0016368730099730244,100
64000,top40,bm25,in-dist,7,0.11166844606399536,0.006394838966143695,100
64000,top40,bm25,in-dist,8,0.07103434085845947,0.0027637659580937997,100
64000,top40,bm25,in-dist,9,0.09686035633087159,0.0013584561685709687,100
64000,top40,bm25,in-dist,10,0.10118966102600098,0.005169824356445233,100
64000,top40,bm25,in-dist,11,0.08892285108566284,0.0008999027777587221,100
64000,top40,bm25,in-dist,12,0.09047990798950195,0.00387265924712441,100
64000,top40,bm25,in-dist,13,0.04290433168411255,0.0032606591317452947,100
64000,top40,bm25,in-dist,14,0.06298481464385987,0.0007071806604495907,100
64000,top40,bm25,in-dist,15,0.05009515285491943,0.0007454715950597334,100
64000,top40,bm25,in-dist,16,0.06086390256881714,0.005507618743786875,100
64000,top40,bm25,in-dist,17,0.057910375595092774,0.0006775628795813861,100
64000,top40,bm25,in-dist,18,0.08701902866363526,0.0016606620011734073,100
64000,top40,bm25,in-dist,19,0.101409752368927,0.010927015790501121,100
64000,top40,magic,in-dist,0,0.05418904622638365,0.00014425729750655591,3
64000,top40,magic,in-dist,1,0.08539128303527832,0.0002476604422554374,3
64000,top40,magic,in-dist,2,0.10722907384115388,0.00014373543672263622,3
64000,top40,magic,in-dist,3,0.07713961601257324,0.00010080652282340452,3
64000,top40,magic,in-dist,4,0.08015227317810059,0.00010692136129364371,3
64000,top40,magic,in-dist,5,0.1264923413600627,0.00033761924714781344,3
64000,top40,magic,in-dist,6,0.08844184875488281,2.8051443223375827e-05,3
64000,top40,magic,in-dist,7,0.11636002857994754,0.00027605603099800646,3
64000,top40,magic,in-dist,8,0.07543484369671205,9.99597687041387e-05,3
64000,top40,magic,in-dist,9,0.10442066192626953,8.970623457571492e-05,3
64000,top40,magic,in-dist,10,0.10558438301086426,2.9265334887895733e-05,3
64000,top40,magic,in-dist,11,0.08978796005249023,0.00021556678984779865,3
64000,top40,magic,in-dist,12,0.0989166100807779,0.00010863213537959382,3
64000,top40,magic,in-dist,13,0.0546259880065918,0.00020383701485116035,3
64000,top40,magic,in-dist,14,0.07095026969909668,0.00024003944417927414,3
64000,top40,magic,in-dist,15,0.06192986170572112,0.00020782173669431359,3
64000,top40,magic,in-dist,16,0.0674454371135198,0.00019940038328059018,3
64000,top40,magic,in-dist,17,0.07337641716003418,0.0001544667175039649,3
64000,top40,magic,in-dist,18,0.09487390518188477,0.0002372421877225861,3
64000,top40,magic,in-dist,19,0.11284875869750977,0.0003548861132003367,3
128000,top1%,ekfac,in-dist,0,0.17173266410827637,0.0007248356925480615,3
128000,top1%,ekfac,in-dist,1,0.21631248792012533,0.0011976877738619726,3
128000,top1%,ekfac,in-dist,2,0.26270246505737305,0.004815597445533056,3
128000,top1%,ekfac,in-dist,3,0.2331982453664144,0.03213224091974676,3
128000,top1%,ekfac,in-dist,4,0.19143033027648926,0.0011576131211391907,3
128000,top1%,ekfac,in-dist,5,0.2620251178741455,0.0026282757861834883,3
128000,top1%,ekfac,in-dist,6,0.22342840830485025,0.0021913435851820934,3
128000,top1%,ekfac,in-dist,7,0.2500367959340413,0.001522830216427885,3
128000,top1%,ekfac,in-dist,8,0.22511704762776694,0.0012502788698651034,3
128000,top1%,ekfac,in-dist,9,0.24753761291503906,0.0036193569988086376,3
128000,top1%,ekfac,in-dist,10,0.254030704498291,0.002891385515727008,3
128000,top1%,ekfac,in-dist,11,0.26012428601582843,0.0004752116444793952,3
128000,top1%,ekfac,in-dist,12,0.26538848876953125,0.0008846153750386912,3
128000,top1%,ekfac,in-dist,13,0.1012102762858073,0.001095498205756757,3
128000,top1%,ekfac,in-dist,14,0.1735828717549642,0.000509944043244795,3
128000,top1%,ekfac,in-dist,15,0.17274626096089682,0.00022246053335356895,3
128000,top1%,ekfac,in-dist,16,0.12428418795267741,0.0002573137293691319,3
128000,top1%,ekfac,in-dist,17,0.16956456502278647,0.00035024575596688507,3
128000,top1%,ekfac,in-dist,18,0.2232812245686849,0.0001450570629563183,3
128000,top1%,ekfac,in-dist,19,0.25228675206502277,0.0009497263837071513,3
128000,top1%,ekfac,held-out,0,0.07041772206866881,0.0015203729271888733,3
128000,top1%,ekfac,held-out,1,0.0770266056060791,0.0009358301758766174,3
128000,top1%,ekfac,held-out,2,0.06848057112074457,0.0008397569181397557,3
128000,top1%,ekfac,held-out,3,0.09202750521944836,0.001135108876042068,3
128000,top1%,ekfac,held-out,4,0.07718189555453137,8.150649955496192e-05,3
128000,top1%,ekfac,held-out,5,0.06356112164212391,0.0012352069607004523,3
128000,top1%,ekfac,held-out,6,0.05927578607952455,0.0005312779103405774,3
128000,top1%,ekfac,held-out,7,0.050551652908325195,0.0006671909359283745,3
128000,top1%,ekfac,held-out,8,0.04619590437505394,0.0006809085025452077,3
128000,top1%,ekfac,held-out,9,0.08265352249145508,0.0006252204184420407,3
128000,top1%,ekfac,held-out,10,0.0653696060180664,0.00028539341292344034,3
128000,top1%,ekfac,held-out,11,0.07704687118530273,0.0016546634724363685,3
128000,top1%,ekfac,held-out,12,0.17030787467956543,0.0013675212394446135,3
128000,top1%,ekfac,held-out,13,0.06433749198913574,0.0015652955044060946,3
128000,top1%,ekfac,held-out,14,0.0732401212444529,0.001258126925677061,3
128000,top1%,ekfac,held-out,15,0.08442886671400629,0.0008743334328755736,3
128000,top1%,ekfac,held-out,16,0.06642961502075195,0.00039640319300815463,3
128000,top1%,ekfac,held-out,17,0.06772422790527344,0.0007737000123597682,3
128000,top1%,ekfac,held-out,18,0.06453792256070301,0.0010382251348346472,3
128000,top1%,ekfac,held-out,19,0.08416302998375613,0.0006004493334330618,3
128000,top1%,bm25,in-dist,0,0.1368727684020996,0.0007248356925480615,3
128000,top1%,bm25,in-dist,1,0.16939886411031088,0.0011976877738619726,3
128000,top1%,bm25,in-dist,2,0.22501611709594727,0.004815597445533056,3
128000,top1%,bm25,in-dist,3,0.17865761121114096,0.03213224091974676,3
128000,top1%,bm25,in-dist,4,0.14829111099243164,0.0011576131211391907,3
128000,top1%,bm25,in-dist,5,0.19896316528320312,0.0026282757861834883,3
128000,top1%,bm25,in-dist,6,0.17391244570414224,0.0021913435851820934,3
128000,top1%,bm25,in-dist,7,0.1783445676167806,0.001522830216427885,3
128000,top1%,bm25,in-dist,8,0.17285927136739096,0.0012502788698651034,3
128000,top1%,bm25,in-dist,9,0.17848491668701172,0.0036193569988086376,3
128000,top1%,bm25,in-dist,10,0.20267629623413086,0.002891385515727008,3
128000,top1%,bm25,in-dist,11,0.23591192563374838,0.0004752116444793952,3
128000,top1%,bm25,in-dist,12,0.2214829921722412,0.0008846153750386912,3
128000,top1%,bm25,in-dist,13,0.0662993590037028,0.001095498205756757,3
128000,top1%,bm25,in-dist,14,0.139785369237264,0.000509944043244795,3
128000,top1%,bm25,in-dist,15,0.13861473401387533,0.00022246053335356895,3
128000,top1%,bm25,in-dist,16,0.0843657652537028,0.0002573137293691319,3
128000,top1%,bm25,in-dist,17,0.3882039388020833,0.00035024575596688507,3
128000,top1%,bm25,in-dist,18,0.17113788922627768,0.0001450570629563183,3
128000,top1%,bm25,in-dist,19,0.17427643140157065,0.0009497263837071513,3
128000,top40,ekfac,in-dist,0,0.10479386647546107,0.00012892302765976638,3
128000,top40,ekfac,in-dist,1,0.13582849502563477,8.47764968057163e-05,3
128000,top40,ekfac,in-dist,2,0.18608570098876953,0.004815597445533056,3
128000,top40,ekfac,in-dist,3,0.151410182317098,0.03213224091974676,3
128000,top40,ekfac,in-dist,4,0.12961117426675628,0.00011461992107797414,3
128000,top40,ekfac,in-dist,5,0.18204657236856292,0.00016554600733797997,3
128000,top40,ekfac,in-dist,6,0.1428801218667104,2.17815104406327e-05,3
128000,top40,ekfac,in-dist,7,0.1592028935701819,0.0002167435159208253,3
128000,top40,ekfac,in-dist,8,0.15140994389366824,0.00015002390136942267,3
128000,top40,ekfac,in-dist,9,0.16002353032672545,0.00027418811805546284,3
128000,top40,ekfac,in-dist,10,0.1786816120147705,0.00017988566833082587,3
128000,top40,ekfac,in-dist,11,0.14917508761573117,7.829294918337837e-05,3
128000,top40,ekfac,in-dist,12,0.19274044036865234,0.000268965435680002,3
128000,top40,ekfac,in-dist,13,0.0384976863861084,4.764555342262611e-05,3
128000,top40,ekfac,in-dist,14,0.12096778551858733,0.00025785123580135405,3
128000,top40,ekfac,in-dist,15,0.11683813730996917,0.00011391128646209836,3
128000,top40,ekfac,in-dist,16,0.06092103322407638,0.00010633424244588241,3
128000,top40,ekfac,in-dist,17,0.08421540260314941,0.0002514169900678098,3
128000,top40,ekfac,in-dist,18,0.14383641877793707,0.00013612935435958207,3
128000,top40,ekfac,in-dist,19,0.1564079125673743,0.00033962022280320525,3
128000,top40,ekfac,held-out,0,0.010796546936035156,7.151484169298783e-05,3
128000,top40,ekfac,held-out,1,0.009687185287475586,0.00014139186532702297,3
128000,top40,ekfac,held-out,2,0.007959842681884766,0.00021818713867105544,3
128000,top40,ekfac,held-out,3,0.013621091842651367,0.00012512842658907175,3
128000,top40,ekfac,held-out,4,0.00820159912109375,0.00021412735804915428,3
128000,top40,ekfac,held-out,5,0.01007541020953795,0.00010434084106236696,3
128000,top40,ekfac,held-out,6,0.004394690196932061,0.0001172441043308936,3
128000,top40,ekfac,held-out,7,0.004503011703491211,0.00029925975832156837,3
128000,top40,ekfac,held-out,8,0.004646857579587049,6.29850837867707e-05,3
128000,top40,ekfac,held-out,9,0.005083243049739394,0.00016777392011135817,3
128000,top40,ekfac,held-out,10,0.006736278533935547,0.00015160291513893753,3
128000,top40,ekfac,held-out,11,0.015157938003540039,0.0002507823519408703,3
128000,top40,ekfac,held-out,12,0.1002077261582599,3.001644836331252e-05,3
128000,top40,ekfac,held-out,13,0.006129900611995254,0.00042761556687764823,3
128000,top40,ekfac,held-out,14,0.010246117912174668,0.0002982075384352356,3
128000,top40,ekfac,held-out,15,0.007332483928621514,5.27365154994186e-05,3
128000,top40,ekfac,held-out,16,0.011112689971923828,0.00025022128829732537,3
128000,top40,ekfac,held-out,17,0.007755597427603789,5.07559125253465e-05,3
128000,top40,ekfac,held-out,18,0.006939967473954312,0.00022591432207264006,3
128000,top40,ekfac,held-out,19,0.018412510555208428,0.0002579246647655964,3
128000,top40,bm25,in-dist,0,0.1056067943572998,0.0007248356925480615,3
128000,top40,bm25,in-dist,1,0.13142855962117514,0.0011976877738619726,3
128000,top40,bm25,in-dist,2,0.18629908561706543,0.004815597445533056,3
128000,top40,bm25,in-dist,3,0.1481159528096517,0.03213224091974676,3
128000,top40,bm25,in-dist,4,0.12698745727539062,0.0011576131211391907,3
128000,top40,bm25,in-dist,5,0.17789959907531738,0.0026282757861834883,3
128000,top40,bm25,in-dist,6,0.1434804598490397,0.0021913435851820934,3
128000,top40,bm25,in-dist,7,0.1611173947652181,0.001522830216427885,3
128000,top40,bm25,in-dist,8,0.15064509709676108,0.0012502788698651034,3
128000,top40,bm25,in-dist,9,0.1571643352508545,0.0036193569988086376,3
128000,top40,bm25,in-dist,10,0.1800394058227539,0.002891385515727008,3
128000,top40,bm25,in-dist,11,0.163373072942098,0.0004752116444793952,3
128000,top40,bm25,in-dist,12,0.1814441680908203,0.0008846153750386912,3
128000,top40,bm25,in-dist,13,0.03513971964518229,0.001095498205756757,3
128000,top40,bm25,in-dist,14,0.11737020810445149,0.000509944043244795,3
128000,top40,bm25,in-dist,15,0.11327823003133138,0.00022246053335356895,3
128000,top40,bm25,in-dist,16,0.05708614985148112,0.0002573137293691319,3
128000,top40,bm25,in-dist,17,0.08285458882649739,0.00035024575596688507,3
128000,top40,bm25,in-dist,18,0.13884600003560385,0.0001450570629563183,3
128000,top40,bm25,in-dist,19,0.1511364777882894,0.0009497263837071513,3
256000,top1%,ekfac,in-dist,0,0.17055328679271042,0.0064484188333153725,3
256000,top1%,ekfac,in-dist,1,0.19726872444152832,0.04846314340829849,3
256000,top1%,ekfac,in-dist,2,0.2521534760744544,0.000646724714897573,3
256000,top1%,ekfac,in-dist,3,0.1776512463693507,0.00022902463388163596,3
256000,top1%,ekfac,in-dist,4,0.1856750647420995,0.0010083834640681744,3
256000,top1%,ekfac,in-dist,5,0.20529023806375335,0.0010836772853508592,3
256000,top1%,ekfac,in-dist,6,0.21885744732571766,0.0016058298060670495,3
256000,top1%,ekfac,in-dist,7,0.22669061025953852,0.0015196983003988862,3
256000,top1%,ekfac,in-dist,8,0.21629627545189578,0.0015957558061927557,3
256000,top1%,ekfac,in-dist,9,0.25488845503423363,0.0011206172639504075,3
256000,top1%,ekfac,in-dist,10,0.2541628679027781,0.002406493527814746,3
256000,top1%,ekfac,in-dist,11,0.28200705847120844,0.0023408234119415283,3
256000,top1%,ekfac,in-dist,12,0.26492770516779274,0.0008937832317315042,3
256000,top1%,ekfac,in-dist,13,0.1019752025604248,0.0009572855778969824,3
256000,top1%,ekfac,in-dist,14,0.1348892053065356,0.0005186086636967957,3
256000,top1%,ekfac,in-dist,15,0.19246697425842285,0.0004501928051467985,3
256000,top1%,ekfac,in-dist,16,0.18027782440185547,0.0018344999989494681,3
256000,top1%,ekfac,in-dist,17,0.18532141047762707,0.0009370236075483263,3
256000,top1%,ekfac,in-dist,18,0.20893335342407227,0.000991415698081255,3
256000,top1%,ekfac,in-dist,19,0.22852071124361828,0.000545238668564707,3
256000,top1%,ekfac,held-out,0,0.10037954648578307,0.00031572816078551114,3
256000,top1%,ekfac,held-out,1,0.09904599189758301,0.0014206153573468328,3
256000,top1%,ekfac,held-out,2,0.08631070455885492,0.0011068512685596943,3
256000,top1%,ekfac,held-out,3,0.11387872695922852,5.962419163552113e-05,3
256000,top1%,ekfac,held-out,4,0.10934487978374818,0.0008140134159475565,3
256000,top1%,ekfac,held-out,5,0.08983723322671722,0.0010802735341712832,3
256000,top1%,ekfac,held-out,6,0.07678651809692383,0.00020413921447470784,3
256000,top1%,ekfac,held-out,7,0.06813128787325695,0.0005705288494937122,3
256000,top1%,ekfac,held-out,8,0.06895764668297488,0.000768631580285728,3
256000,top1%,ekfac,held-out,9,0.10161781311035156,0.0005197798600420356,3
256000,top1%,ekfac,held-out,10,0.08783062298607547,0.0003999805776402354,3
256000,top1%,ekfac,held-out,11,0.09366488456726074,0.00038435403257608414,3
256000,top1%,ekfac,held-out,12,0.2902677854290232,0.0007039671181701124,3
256000,top1%,ekfac,held-out,13,0.08208998042391613,0.0010085272369906306,3
256000,top1%,ekfac,held-out,14,0.09945527712511648,0.000658957869745791,3
256000,top1%,ekfac,held-out,15,0.09876910841558129,0.0013529538409784436,3
256000,top1%,ekfac,held-out,16,0.07733257609652355,0.0009391975472681224,3
256000,top1%,ekfac,held-out,17,0.0881650447845459,0.0007543877582065761,3
256000,top1%,ekfac,held-out,18,0.08476495742797852,0.0007745155598968267,3
256000,top1%,ekfac,held-out,19,0.11924918492513825,0.0009616638417355716,3
256000,top1%,bm25,in-dist,0,0.1253040631612142,0.005265172558042467,3
256000,top1%,bm25,in-dist,1,0.17975139617919922,0.03957016053049508,3
256000,top1%,bm25,in-dist,2,0.19576581319173178,0.0005283869368544388,3
256000,top1%,bm25,in-dist,3,0.11322442690531413,0.00018652241230986182,3
256000,top1%,bm25,in-dist,4,0.1287242571512858,0.0008236389506067884,3
256000,top1%,bm25,in-dist,5,0.14062054951985678,0.0008846338239685059,3
256000,top1%,bm25,in-dist,6,0.16064111393643543,0.0016058298060670495,3
256000,top1%,bm25,in-dist,7,0.1577199300227221,0.0015196983003988862,3
256000,top1%,bm25,in-dist,8,0.15089758236717898,0.0015957558061927557,3
256000,top1%,bm25,in-dist,9,0.16915265715215355,0.0011206172639504075,3
256000,top1%,bm25,in-dist,10,0.20052536332514137,0.002406493527814746,3
256000,top1%,bm25,in-dist,11,0.22796662649489008,0.0023408234119415283,3
256000,top1%,bm25,in-dist,12,0.21484669053461403,0.0008937832317315042,3
256000,top1%,bm25,in-dist,13,0.054990530014038086,0.0009572855778969824,3
256000,top1%,bm25,in-dist,14,0.08434017500258051,0.0005186086636967957,3
256000,top1%,bm25,in-dist,15,0.14782333374023438,0.0004501928051467985,3
256000,top1%,bm25,in-dist,16,0.12084364891052246,0.0018344999989494681,3
256000,top1%,bm25,in-dist,17,0.3758481343393214,0.0009370236075483263,3
256000,top1%,bm25,in-dist,18,0.14717555046081543,0.000991415698081255,3
256000,top1%,bm25,in-dist,19,0.14248593646334484,0.000545238668564707,3
256000,top40,ekfac,in-dist,0,0.08508094151814778,0.005265172558042467,3
256000,top40,ekfac,in-dist,1,0.1357872486114502,0.03957016053049508,3
256000,top40,ekfac,in-dist,2,0.14443405469258627,0.0005283869368544388,3
256000,top40,ekfac,in-dist,3,0.07027784983317058,0.00018652241230986182,3
256000,top40,ekfac,in-dist,4,0.1038209597269694,0.0008236389506067884,3
256000,top40,ekfac,in-dist,5,0.10584672292073567,0.0008846338239685059,3
256000,top40,ekfac,in-dist,6,0.11323054631551106,0.001310973622360051,3
256000,top40,ekfac,in-dist,7,0.11944333712259929,0.0012410111933565868,3
256000,top40,ekfac,in-dist,8,0.11392792065938313,0.0013030587854354662,3
256000,top40,ekfac,in-dist,9,0.13581124941507974,0.000914026152453472,3
256000,top40,ekfac,in-dist,10,0.1587985356648763,0.001964484045637376,3
256000,top40,ekfac,in-dist,11,0.13992794354756674,0.00191130238599996,3
256000,top40,ekfac,in-dist,12,0.15982898076375326,0.0007293662561069914,3
256000,top40,ekfac,in-dist,13,0.02078088124593099,0.0007815501719515531,3
256000,top40,ekfac,in-dist,14,0.05406641960144043,0.00042465809280019435,3
256000,top40,ekfac,in-dist,15,0.1118927796681722,0.00036749135447273595,3
256000,top40,ekfac,in-dist,16,0.09239443143208821,0.001498485159256087,3
256000,top40,ekfac,in-dist,17,0.07069214185078938,0.0007651280842887772,3
256000,top40,ekfac,in-dist,18,0.10173829396565755,0.0008091335619106608,3
256000,top40,ekfac,in-dist,19,0.10859211285909016,0.00044515978737922767,3
256000,top40,ekfac,held-out,0,0.010502735771297012,0.0002477852103766054,3
256000,top40,ekfac,held-out,1,0.008355140686035156,6.688480425509624e-06,3
256000,top40,ekfac,held-out,2,0.008604208629549248,8.70826406753622e-05,3
256000,top40,ekfac,held-out,3,0.01124556858849246,7.186029688455164e-05,3
256000,top40,ekfac,held-out,4,0.007918516799691133,0.00013820060121361166,3
256000,top40,ekfac,held-out,5,0.010756572090031113,4.106363485334441e-05,3
256000,top40,ekfac,held-out,6,0.0034143924713134766,9.575912554282695e-05,3
256000,top40,ekfac,held-out,7,0.0023302237241296098,9.18902806006372e-05,3
256000,top40,ekfac,held-out,8,0.004224618276111869,5.109968697070144e-05,3
256000,top40,ekfac,held-out,9,0.008415381111262832,0.0001791290706023574,3
256000,top40,ekfac,held-out,10,0.007682164509787981,8.47071860334836e-05,3
256000,top40,ekfac,held-out,11,0.01743912696838379,8.92459720489569e-05,3
256000,top40,ekfac,held-out,12,0.19261535008740793,0.00017423005192540586,3
256000,top40,ekfac,held-out,13,0.0052416324615478516,0.00014419869694393128,3
256000,top40,ekfac,held-out,14,0.005405028659879463,0.00024219552869908512,3
256000,top40,ekfac,held-out,15,0.006511688232421875,0.000260879605775699,3
256000,top40,ekfac,held-out,16,0.01026153564453125,0.00011123778676846996,3
256000,top40,ekfac,held-out,17,0.011019706726074219,0.00010285875760018826,3
256000,top40,ekfac,held-out,18,0.007079760238411836,3.080801252508536e-05,3
256000,top40,ekfac,held-out,19,0.02921326955402037,4.515205364441499e-05,3
256000,top40,bm25,in-dist,0,0.08420070012410481,0.005265172558042467,3
256000,top40,bm25,in-dist,1,0.13564491271972656,0.03957016053049508,3
256000,top40,bm25,in-dist,2,0.1430805524190267,0.0005283869368544388,3
256000,top40,bm25,in-dist,3,0.06918803850809734,0.00018652241230986182,3
256000,top40,bm25,in-dist,4,0.10344664255777995,0.0008236389506067884,3
256000,top40,bm25,in-dist,5,0.10243089993794759,0.0008846338239685059,3
256000,top40,bm25,in-dist,6,0.1121216615041097,0.001310973622360051,3
256000,top40,bm25,in-dist,7,0.11826697985331218,0.0012410111933565868,3
256000,top40,bm25,in-dist,8,0.11277039845784505,0.0013030587854354662,3
256000,top40,bm25,in-dist,9,0.1349662939707438,0.000914026152453472,3
256000,top40,bm25,in-dist,10,0.1595757802327474,0.001964484045637376,3
256000,top40,bm25,in-dist,11,0.14453681310017905,0.00191130238599996,3
256000,top40,bm25,in-dist,12,0.1451252301534017,0.0007293662561069914,3
256000,top40,bm25,in-dist,13,0.01621588071187337,0.0007815501719515531,3
256000,top40,bm25,in-dist,14,0.05141448974609375,0.00042465809280019435,3
256000,top40,bm25,in-dist,15,0.10963877042134602,0.00036749135447273595,3
256000,top40,bm25,in-dist,16,0.08783896764119466,0.001498485159256087,3
256000,top40,bm25,in-dist,17,0.06287058194478352,0.0007651280842887772,3
256000,top40,bm25,in-dist,18,0.0983277161916097,0.0008091335619106608,3
256000,top40,bm25,in-dist,19,0.10305507977803548,0.00044515978737922767,3
512000,top1%,ekfac,in-dist,0,0.2176516850789388,0.0008394370567956782,3
512000,top1%,ekfac,in-dist,1,0.2634611129760742,0.0028701732857016288,3
512000,top1%,ekfac,in-dist,2,0.3240155378977458,0.0029133939237484282,3
512000,top1%,ekfac,in-dist,3,0.28302963574727374,0.00127248552952087,3
512000,top1%,ekfac,in-dist,4,0.27763160069783527,0.0011950109133456522,3
512000,top1%,ekfac,in-dist,5,0.34210697809855145,0.0022220060584873308,3
512000,top1%,ekfac,in-dist,6,0.28836528460184735,0.0003408999132148924,3
512000,top1%,ekfac,in-dist,7,0.33167870839436847,0.004038686032136066,3
512000,top1%,ekfac,in-dist,8,0.2745424111684163,0.00460189455092433,3
512000,top1%,ekfac,in-dist,9,0.3194691340128581,0.006018189435790055,3
512000,top1%,ekfac,in-dist,10,0.32507864634195965,0.005037052186230297,3
512000,top1%,ekfac,in-dist,11,0.3162298997243245,0.004622200845006878,3
512000,top1%,ekfac,in-dist,12,0.32491230964660645,0.003086364955104873,3
512000,top1%,ekfac,in-dist,13,0.19843403498331705,0.004526206659175171,3
512000,top1%,ekfac,in-dist,14,0.23473087946573892,0.003629009270706215,3
512000,top1%,ekfac,in-dist,15,0.24980545043945312,0.0020157336038166174,3
512000,top1%,ekfac,in-dist,16,0.22365506490071616,0.0065759624529746815,3
512000,top1%,ekfac,in-dist,17,0.285306453704834,0.0026195972390253112,3
512000,top1%,ekfac,in-dist,18,0.34079504013061523,0.004222654271835496,3
512000,top1%,ekfac,in-dist,19,0.32219131787618,0.005741882641473953,3
512000,top1%,bm25,in-dist,0,0.17230757077534994,0.0008394370567956782,3
512000,top1%,bm25,in-dist,1,0.20168352127075195,0.0028701732857016288,3
512000,top1%,bm25,in-dist,2,0.2670556704203288,0.0029133939237484282,3
512000,top1%,bm25,in-dist,3,0.2408600648244222,0.00127248552952087,3
512000,top1%,bm25,in-dist,4,0.20940240224202475,0.0011950109133456522,3
512000,top1%,bm25,in-dist,5,0.2757546106974284,0.0022220060584873308,3
512000,top1%,bm25,in-dist,6,0.25023643175760907,0.0003408999132148924,3
512000,top1%,bm25,in-dist,7,0.2639339764912923,0.004038686032136066,3
512000,top1%,bm25,in-dist,8,0.2157750924428304,0.00460189455092433,3
512000,top1%,bm25,in-dist,9,0.24675742785135904,0.006018189435790055,3
512000,top1%,bm25,in-dist,10,0.27448121706644696,0.005037052186230297,3
512000,top1%,bm25,in-dist,11,0.319174846013387,0.004622200845006878,3
512000,top1%,bm25,in-dist,12,0.29132962226867676,0.003086364955104873,3
512000,top1%,bm25,in-dist,13,0.1536714235941569,0.004526206659175171,3
512000,top1%,bm25,in-dist,14,0.1974341074625651,0.003629009270706215,3
512000,top1%,bm25,in-dist,15,0.200181245803833,0.0020157336038166174,3
512000,top1%,bm25,in-dist,16,0.15192159016927084,0.0065759624529746815,3
512000,top1%,bm25,in-dist,17,0.44435858726501465,0.0026195972390253112,3
512000,top1%,bm25,in-dist,18,0.27352452278137207,0.004222654271835496,3
512000,top1%,bm25,in-dist,19,0.26054175694783527,0.005741882641473953,3
512000,top40,ekfac,in-dist,0,0.11453207333882649,0.0008394370567956782,3
512000,top40,ekfac,in-dist,1,0.1314237117767334,0.0028701732857016288,3
512000,top40,ekfac,in-dist,2,0.19329277674357095,0.0029133939237484282,3
512000,top40,ekfac,in-dist,3,0.1766966183980306,0.00127248552952087,3
512000,top40,ekfac,in-dist,4,0.17281158765157065,0.0011950109133456522,3
512000,top40,ekfac,in-dist,5,0.2124957243601481,0.0022220060584873308,3
512000,top40,ekfac,in-dist,6,0.18002788225809732,0.0003408999132148924,3
512000,top40,ekfac,in-dist,7,0.21066840489705405,0.004038686032136066,3
512000,top40,ekfac,in-dist,8,0.16124423344930014,0.00460189455092433,3
512000,top40,ekfac,in-dist,9,0.1981975237528483,0.006018189435790055,3
512000,top40,ekfac,in-dist,10,0.21428505579630533,0.005037052186230297,3
512000,top40,ekfac,in-dist,11,0.1888242562611898,0.004622200845006878,3
512000,top40,ekfac,in-dist,12,0.19591975212097168,0.003086364955104873,3
512000,top40,ekfac,in-dist,13,0.10957519213358562,0.004526206659175171,3
512000,top40,ekfac,in-dist,14,0.14793054262797037,0.003629009270706215,3
512000,top40,ekfac,in-dist,15,0.1495053768157959,0.0020157336038166174,3
512000,top40,ekfac,in-dist,16,0.11742528279622395,0.0065759624529746815,3
512000,top40,ekfac,in-dist,17,0.15877437591552734,0.0026195972390253112,3
512000,top40,ekfac,in-dist,18,0.21938776969909668,0.004222654271835496,3
512000,top40,ekfac,in-dist,19,0.2159868081410726,0.005741882641473953,3
512000,top40,bm25,in-dist,0,0.11493237813313802,0.0008394370567956782,3
512000,top40,bm25,in-dist,1,0.13320112228393555,0.0028701732857016288,3
512000,top40,bm25,in-dist,2,0.19211355845133463,0.0029133939237484282,3
512000,top40,bm25,in-dist,3,0.17650898297627768,0.00127248552952087,3
512000,top40,bm25,in-dist,4,0.17519672711690268,0.0011950109133456522,3
512000,top40,bm25,in-dist,5,0.21640888849894205,0.0022220060584873308,3
512000,top40,bm25,in-dist,6,0.18555776278177896,0.0003408999132148924,3
512000,top40,bm25,in-dist,7,0.21132858594258627,0.004038686032136066,3
512000,top40,bm25,in-dist,8,0.16170652707417807,0.00460189455092433,3
512000,top40,bm25,in-dist,9,0.20102636019388834,0.006018189435790055,3
512000,top40,bm25,in-dist,10,0.21474568049112955,0.005037052186230297,3
512000,top40,bm25,in-dist,11,0.2037659486134847,0.004622200845006878,3
512000,top40,bm25,in-dist,12,0.18405652046203613,0.003086364955104873,3
512000,top40,bm25,in-dist,13,0.10902659098307292,0.004526206659175171,3
512000,top40,bm25,in-dist,14,0.14921347300211588,0.003629009270706215,3
512000,top40,bm25,in-dist,15,0.14884662628173828,0.0020157336038166174,3
512000,top40,bm25,in-dist,16,0.11491616566975911,0.0065759624529746815,3
512000,top40,bm25,in-dist,17,0.13417553901672363,0.0026195972390253112,3
512000,top40,bm25,in-dist,18,0.21487998962402344,0.004222654271835496,3
512000,top40,bm25,in-dist,19,0.21477278073628744,0.005741882641473953,3
