subset,query,n_removed,baseline_loss,filtered_loss,loss_change
0,0,40,3.4124386310577393,3.4117629528045654,-0.0006756782531738281
0,1,40,3.5449378490448,3.544959783554077,2.193450927734375e-05
0,2,40,3.461705446243286,3.4608237743377686,-0.0008816719055175781
0,3,40,3.00049090385437,2.999863386154175,-0.0006275177001953125
0,4,40,2.837953567504883,2.8376033306121826,-0.0003502368927001953
0,5,40,3.348322629928589,3.3484063148498535,8.368492126464844e-05
0,6,40,3.339423894882202,3.3389456272125244,-0.0004782676696777344
0,7,40,3.3505873680114746,3.3500216007232666,-0.0005657672882080078
0,8,40,3.0590455532073975,3.058478832244873,-0.0005667209625244141
0,9,40,3.280907392501831,3.2803633213043213,-0.0005440711975097656
0,10,40,3.5031795501708984,3.5028438568115234,-0.000335693359375
0,11,40,3.141050100326538,3.1404056549072266,-0.0006444454193115234
0,12,40,3.3397014141082764,3.3404862880706787,0.0007848739624023438
0,13,40,3.8051528930664062,3.8046205043792725,-0.0005323886871337891
0,14,40,3.6386709213256836,3.6382863521575928,-0.0003845691680908203
0,15,40,3.5612802505493164,3.560525417327881,-0.0007548332214355469
0,16,40,3.921374797821045,3.921077251434326,-0.00029754638671875
0,17,40,3.5918850898742676,3.591343402862549,-0.00054168701171875
0,18,40,2.9101102352142334,2.9103379249572754,0.0002276897430419922
0,19,40,2.5035006999969482,2.503709077835083,0.00020837783813476562
1,0,40,3.4124386310577393,3.4124202728271484,-1.8358230590820312e-05
1,1,40,3.5449378490448,3.544372797012329,-0.0005650520324707031
1,2,40,3.461705446243286,3.4626073837280273,0.0009019374847412109
1,3,40,3.00049090385437,3.000478744506836,-1.2159347534179688e-05
1,4,40,2.837953567504883,2.8376424312591553,-0.00031113624572753906
1,5,40,3.348322629928589,3.348585844039917,0.000263214111328125
1,6,40,3.339423894882202,3.339630365371704,0.00020647048950195312
1,7,40,3.3505873680114746,3.3513879776000977,0.0008006095886230469
1,8,40,3.0590455532073975,3.0591111183166504,6.556510925292969e-05
1,9,40,3.280907392501831,3.281210422515869,0.00030303001403808594
1,10,40,3.5031795501708984,3.5028231143951416,-0.00035643577575683594
1,11,40,3.141050100326538,3.1406190395355225,-0.000431060791015625
1,12,40,3.3397014141082764,3.346511125564575,0.006809711456298828
1,13,40,3.8051528930664062,3.805270195007324,0.00011730194091796875
1,14,40,3.6386709213256836,3.63927960395813,0.0006086826324462891
1,15,40,3.5612802505493164,3.5610179901123047,-0.00026226043701171875
1,16,40,3.921374797821045,3.921433448791504,5.8650970458984375e-05
1,17,40,3.5918850898742676,3.591172218322754,-0.0007128715515136719
1,18,40,2.9101102352142334,2.9104180335998535,0.0003077983856201172
1,19,40,2.5035006999969482,2.5038692951202393,0.0003685951232910156
2,0,40,3.4124386310577393,3.412464141845703,2.5510787963867188e-05
2,1,40,3.5449378490448,3.544968605041504,3.075599670410156e-05
2,2,40,3.461705446243286,3.461477279663086,-0.0002281665802001953
2,3,40,3.00049090385437,3.000415325164795,-7.557868957519531e-05
2,4,40,2.837953567504883,2.8375039100646973,-0.0004496574401855469
2,5,40,3.348322629928589,3.347703218460083,-0.0006194114685058594
2,6,40,3.339423894882202,3.339353561401367,-7.033348083496094e-05
2,7,40,3.3505873680114746,3.3505008220672607,-8.654594421386719e-05
2,8,40,3.0590455532073975,3.0590739250183105,2.8371810913085938e-05
2,9,40,3.280907392501831,3.281324863433838,0.00041747093200683594
2,10,40,3.5031795501708984,3.502415895462036,-0.0007636547088623047
2,11,40,3.141050100326538,3.1414308547973633,0.0003807544708251953
2,12,40,3.3397014141082764,3.3394064903259277,-0.0002949237823486328
2,13,40,3.8051528930664062,3.805168390274048,1.5497207641601562e-05
2,14,40,3.6386709213256836,3.6395583152770996,0.0008873939514160156
2,15,40,3.5612802505493164,3.5611910820007324,-8.916854858398438e-05
2,16,40,3.921374797821045,3.921405553817749,3.075599670410156e-05
2,17,40,3.5918850898742676,3.5937306880950928,0.0018455982208251953
2,18,40,2.9101102352142334,2.910189628601074,7.939338684082031e-05
2,19,40,2.5035006999969482,2.5034267902374268,-7.390975952148438e-05
